UUID,Japanese,English,KitsunekkoID,MyAnimeListID
170c78a1-3874-4655-9d8e-47a1eb78aa7a,<Infinite Dendrogram>-インフィニット・デンドログラム-,Infinite Dendrogram,Infinite Dendrogram,38909
1f8c75ac-0c0c-46a3-9363-8cf577a6aac0,<harmony/> ハーモニー,Harmony,Harmony,28211
923c3f8a-ffa4-4e64-99c4-8302ad9579ef,A.I.C.O. -Incarnation-,A.I.C.O.: Incarnation,A.I.C.O. Incarnation,36039
d0c218d8-1079-41b9-9177-62e287360f18,AIR,Air,Air,101
ad2fa5d0-dc09-48f8-845e-e1ce0934cb9f,AKIRA（アキラ）,Akira,Akira,47
f0836fe8-015c-4cd6-87e3-88778a4e5fd5,ARIA The AVVENIRE,Aria the Avvenire,ARIA the AVVENIRE,29893
6f73879d-b16d-4bfe-903d-d286a37bdbfe,B: The Beginning,B: The Beginning,B_ The Beginning,32827
dc970521-f362-42e8-a77a-0a4407690eb4,BEASTARS,Beastars,Beastars,39195
bfec62f6-2497-4bd8-bc7c-b8477b200519,BEATLESS,Beatless,Beatless,36516
b1d67d2a-a0f3-45c6-9b3b-2f0b4570ee63,BEM,Bem,BEM,39221
c3b2967a-cc63-489d-8ed7-d8c9d0a454fc,BLACKFOX,Blackfox,Black Fox (Blackfox),37498
5a213abc-8c2e-43f7-afa7-7cd50d755515,BLAME!,Blame! Movie,BLAME!,32086
e9d82442-ce15-427d-9b32-f2b625c10a26,BLEACH - ブリーチ -,Bleach,Bleach,269
521a8aef-6c36-4d0d-a173-14f018f2cb29,BLOOD THE LAST VAMPIRE (ブラッド ザ ラスト ヴァンパイア),Blood: The Last Vampire,Blood The Last Vampire,405
e70bda51-9e44-4862-ae77-e33b9d48398d,BNA ビー・エヌ・エー,BNA,BNA (Brand New Animal),40060
41ebe079-1f4f-42eb-b34d-029374cef46b,BORUTO -NARUTO NEXT GENERATIONS-,Boruto: Naruto Next Generations,Boruto_Naruto_Next_Generations,34566
93c9ed51-63a0-401d-967d-e59b5874c826,Back Street Girls -ゴクドルズ,Back Street Girls: Gokudolls,Back Street Girls_ Gokudolls,36873
e65659ec-5c7b-44e7-bc60-e7e584794712,CARDFIGHT!! ヴァンガードG NEXT,Cardfight!! Vanguard G NEXT,Cardfight!!_Vanguard_G_NEXT,34077
df8aee69-8d90-4f2b-b505-1cbb061d4fba,DOUBLE DECKER! ダグ＆キリル,Double Decker! Doug & Kirill,Double Decker! Doug & Kirill,37496
13f4aa08-c503-480e-94dc-e6b286ce02a6,FAIRY TAIL（フェアリーテイル）,Fairy Tail,FAIRY_TAIL_S3E,6702
d192e27c-87ea-4fed-9c5a-7053f4dbd0c8,FAIRY TAIL（フェアリーテイル）,Fairy Tail,Fairy_Tail,6702
c274a423-cc3b-4c83-8654-9710f51ed20e,FAIRY TAIL（フェアリーテイル）,Fairy Tail,Fairy_Tail_Best!,6702
a0b875e2-766e-470b-8571-232ab66b4243,Fate/EXTRA Last Encore,Fate/Extra: Last Encore,Fate_EXTRA Last Encore,33047
e733bafd-816f-43a5-b810-1e4d73a45208,Fate/Grand Order -絶対魔獣戦線バビロニア-,Fate/Grand Order: Absolute Demonic Front - Babylonia,Fate_Grand Order_ Zettai Majuu Sensen Babylonia,38084
30981245-9a01-43df-bc9b-5cb92b067aa7,GHOST IN THE SHELL（攻殻機動隊）,Ghost in the Shell ,Koukaku Kidoutai,43
7ca7f0b0-8774-48a1-bcb9-b4ac09f218d3,GODZILLA -怪獣惑星-,Godzilla: Planet of the Monsters,Godzilla_ Kaijuu Wakusei,33783
ebb4b8fa-674d-4643-804e-25c46078c52f,GS（ゴーストスイーパー）美神,GS Mikami,Ghost_Sweeper_Mikami,2400
b17f3785-e77a-4489-8854-642e2897684d,Go! プリンセスプリキュア,Go! Princess Precure,Go!_Princess_PreCure,28669
510ce6ec-6c8b-4a40-9464-1142121200e9,HUNTER×HUNTER（ハンター×ハンター）,Hunter x Hunter ,HUNTER_X_HUNTER,136
16c67d65-4be8-40f6-9be9-4064c14f0db7,HuGっと！プリキュア,Hug tto! Precure,HuGtto!_PreCure,36593
053660f4-a0be-4574-a936-8f14e23fad92,ID:INVADED イド:インヴェイデッド,ID: INVADED,ID_Invaded,40046
a3711215-0a82-4ec2-b397-60bf22b3ca96,IS 〈インフィニット・ストラトス〉,Infinite Stratos,Infinite_Stratos,9041
7c364f15-307a-47d5-9a7e-d68378539cb5,ISLAND,Island,Island,33012
dbee62e5-67dd-4d97-ab32-4864636e0276,K RETURN OF KINGS,K: Return of Kings,K_Return_Of_Kings,27991
34a3f98c-84e5-47cb-8e11-834a9e5660f1,KING OF PRISM by PrettyRhythm,King of Prism by Pretty Rhythm,King of Prism,31762
a96a7feb-8cfb-4546-aebe-ed1974efaf2d,LOST SONG,Lost Song,Lost Song,34338
4e6914c8-7aeb-449f-bf72-08a5f6c34729,LUPIN the Third ～峰不二子という女～,Lupin the Third: The Woman Called Fujiko Mine,Lupin_The_Third_The_Woman_Called_Fujiko_Mine,13203
abd6a210-682a-4336-bdfb-e7e45a4c3155,ONE PIECE,One Piece,One_Piece,21
cf2c1072-d5a3-40f9-9cc1-11d266fef066,RAIL WARS! [レールウォーズ],Rail Wars! ,Rail_Wars!_Nihon_Kokuyuu_Tetsudou_Kouantai,23309
5fe54cd5-feca-4089-af48-6557fac84d2d,Re：ゼロから始める異世界生活,Re:ZERO -Starting Life in Another World-,Re Zero kara Hajimeru Isekai Seikatsu,31240
fdc72c2d-8930-4038-94b0-dd54bf0f4032,"Right Places その時, ぼくの居るべき場所",Right Places,"Right Places Sono Toki, Boku no Irubeki Basho",39018
68081a5b-160c-46a9-82e3-5597de113e69,"Right Places その時, ぼくの居るべき場所",Right Places,"Right Places_ Sono Toki, Boku no Irubeki Basho",39018
1c6d8ddb-c8f4-45e1-a6b5-e367dbf0a546,Robot Town Sagami 2028,Robot Town Sagami 2028,ROBOT TOWN SAGAMI 2028,33192
6294130a-cc39-4fa1-acf5-233cccd8c131,SSSS.GRIDMAN,SSSS.Gridman,SSSS.Gridman,35847
04fec527-2a4c-4305-b205-1522222d20a1,STEINS;GATE,Steins;Gate,STEINS_GATE,9253
47a46135-2885-4881-925b-d5c3503e477e,TIGER & BUNNY （タイガー・アンド・バニー）,Tiger & Bunny,Tiger & Bunny,9941
1ca47af3-b150-4c3e-90e5-0a2b98f2fc84,UFOロボ グレンダイザー,UFO Robo Grendizer,UFO_Robot_Grendizer,1985
649e9ab0-d020-4151-9661-57971662be38,Yes! プリキュア5 GoGo!,Yes! Precure 5 GoGo!,Yes_!_Precure_5_GoGo_!,3692
5bff4181-315d-4fa9-bb4b-36d49406a35c,planetarian～星の人～,Planetarian: Hoshi no Hito,planetarian Hoshi no Hito,33190
b6bb81d1-6730-4ba5-a213-6610aa4117c8,revisions リヴィジョンズ,Revisions,Revisions,37436
14455f23-0da7-4755-a400-1512a02f002d,あかねさす少女,The Girl in Twilight,Akanesasu Shoujo,37561
c2d3ca13-8db2-44a3-b0ad-3a2af857d622,あしたのジョー,Tomorrow's Joe,Ashita_No_Joe,2402
08a2efe5-7270-430a-bfd3-bb950cc39578,あしたのジョー,Tomorrow's Joe,Ashita_No_Joe_2,2402
f639a4e5-9aaf-4399-b420-00003380f01d,あしたへフリーキック,Free Kick Toward Tomorrow,Ashita_He_Free_Kick,3874
125bec49-320c-4156-843a-726b89d5346e,あそびあそばせ,Asobi Asobase: Workshop of Fun,Asobi Asobase,37171
864e2f8e-2edf-4138-b763-dab7c1e8c74c,あたしンち,My Family,Atashin'chi,3006
54e91e8e-b3e8-4ea6-882b-4d5047bffe17,あひるの空,Ahiru no Sora,Ahiru no Sora,37403
8517a85b-4dc7-439a-90f6-d6c09cbb4f6b,あらいぐまラスカル,Raccoon Rascal,Rascal_The_Raccoon,2576
af450f6c-493b-4fd4-a0f5-6d2b3c85c854,ありふれた職業で世界最強,Arifureta: From Commonplace to World's Strongest,Arifureta Shokugyou de Sekai Saikyou,36882
076a01d1-e828-4c14-b701-9d66a2eab7ac,あんさんぶるスターズ！,Ensemble Stars!,Ensemble Stars!,32212
ff02bedd-20d3-4dd2-80a3-8f13602d738a,うしおととら,Ushio and Tora,Ushio to Tora,29854
d673c797-72df-4127-a26c-371a61450f8c,うしおととら,Ushio and Tora,Ushio to Tora 2,31098
2371a9a4-be01-406c-a0c0-f361e2d1fba2,うらら迷路帖,Urara Meirocho,Urara_Meirochou,32924
c2c1ec7f-9f36-49c1-950f-443abcb6dc58,うる星やつら,Urusei Yatsura,Urusei_Yatsura,1293
067e7b83-ab6e-4a5f-8b79-f4f68048dc92,おおかみこどもの雨と雪,Wolf Children,Ookami_Kodomo_No_Ame_To_Yuki,12355
b5fc1c77-ab27-43b0-89a6-80541051e510,おまえうまそうだな,You Are Umasou,You are umasou da na,9204
46b81b5f-35c2-46b3-bacb-2369acc6062c,おもひでぽろぽろ,Only Yesterday,Omohide_Poroporo,1029
9b2a1533-990e-4433-a84b-a6938158675c,かぐや様は告らせたい～天才たちの恋愛頭脳戦～,Kaguya-sama: Love is War,Kaguya-sama wa Kokurasetai - Tensai-tachi no Renai Zunousen,37999
7807300f-16c1-4db6-8dcd-1cbf60b966a2,からかい上手の高木さん,Teasing Master Takagi-san,Karakai Jouzu no Takagi-san,35860
92f2951b-f8a6-44e8-80a9-7580cb226d3b,きまぐれオレンジ☆ロード,Kimagure Orange☆Road,Kimagure Orange Road,1087
a236f798-0940-4a9c-a92f-6f8cf583a24f,きんいろモザイク,KINMOZA!,Kinmoza!,16732
21e57241-0582-49b9-9461-40e2a4dda9f5,ぐらんぶる,Grand Blue Dreaming,Grand blue,37105
861450d3-b2d5-40e0-95ff-c8329672c50f,けいおん!,K-ON!,K-ON!,5680
88f3eff3-208f-41fc-82af-274342c219c1,けものフレンズ2,Kemono Friends 2,Kemono Friends 2,35313
1e04be5d-6207-4b44-8b83-cfab29635954,げんしけん 二代目,GenshikenGenshiken Second Season,Genshiken Nidaime,18465
9b905efc-88ab-4320-9492-4881a244186d,こちら葛飾区亀有公園前派出所 (1996),Kochira Katsushikaku Kameari Kouenmae Hashutsujo,Kochira_Katsushika-ku_Kameari_Kouen_Mae_Hashutsujo,3545
e241f130-86a7-4cbe-b34b-ca71ffaaddfa,この世界の片隅に,In This Corner of the World,Kono Sekai no Katasumi ni,15227
33c376de-a8a7-4d5e-9407-be47451ab6e7,この美術部には問題がある！,This Art Club Has a Problem!,Kono_Bijutsubu_Ni_Wa_Mondai_Ga_Aru_!,31952
a7ea2fb6-a837-49fc-aeac-db4a1cdb4e0b,ささみさん@がんばらない,Sasami-san@Ganbaranai,Sasami-san_Ganbaranai,14515
a5e5c62a-1bef-4717-bc8e-49ef1065d570,さよなら絶望先生,"Sayonara, Zetsubou-Sensei",Sayonara Zetsubou Sensei,2605
66e3c810-732a-4b8a-94a9-2721bd00b783,さらざんまい,Sarazanmai,Sarazanmai,37426
9c59037f-4ca2-4287-8c64-8e5d91336c94,しにがみのバラッド。,"Momo, Girl God of Death",Shinigami no Ballad,789
2215778a-0dac-4e7d-9014-83af7f73e26a,しろくまカフェ,Polar Bear Cafe,Shirokuma_Cafe,12815
17264112-1a5c-4b80-9fec-2c138cd9aaa6,じゃりン子チエ,Jarinko Chie (TV),Jarinko Chie (Downtown Story) (1981),3947
ef46b337-714d-439a-943b-eb1883309873,そらのおとしもの,Heaven's Lost Property,Sora no Otoshimono,5958
29c19d19-956d-49ce-9c76-9f9b11e6f210,それいけ！アンパンマン,Sore Ike! Anpanman,Go!_Anpanman,1960
2ca0d57e-acf9-4e29-9328-a1415b5c9850,たまゆら～hitotose～,Tamayura: Hitotose,Tamayura~ Hitotose~,10232
82372131-e67a-40af-8c42-deb4071f9d7e,だがしかし,Dagashi Kashi,Dagashi_Kashi,31636
81f4070c-c77e-4cc1-a0d0-4128105fd85a,ちおちゃんの通学路,Chio's School Road,Chio-chan no Tsuugakuro,35821
0d7e7fe7-7bac-4926-9105-296221f1f200,ちびまる子ちゃん,Chibi Maruko-chan,Chibi Maruko-chan (1990),951
b7baf753-d44c-4974-a0d4-221578d3eb6a,ちびまる子ちゃん,Little Miss Maruko,Chibi_Maruko-chan,6149
97a8db2a-b679-42f2-ae9d-5ac60f53fcab,ちょ～短編 プリキュアオールスターズ GoGoドリームライブ!,Precure All Stars GoGo Dream Live!,Pretty_Cure_All_Stars,10549
9068f0f9-a791-4002-b9e6-100a84852e68,とある科学の一方通行〈アクセラレータ〉,A Certain Scientific Accelerator,Toaru Kagaku no Accelerator,38480
14e768d5-9c6e-4c6c-aef5-4b63da4d0e74,とある科学の超電磁砲,A Certain Scientific Railgun,Toaru Kagaku no Railgun,6213
74d6d6f4-4957-43d9-ae2c-aac7e67c14ef,とある科学の超電磁砲[レールガン]T,A Certain Scientific Railgun T,To Aru Kagaku no Railgun T,38481
9e3457d6-445d-4937-9efc-e3eb499b3ecb,とある魔術の禁書目録Ⅲ,A Certain Magical Index III,To_Aru_Majutsu_no_Index_3_,36432
8516154d-c29a-45c0-85bc-ed080dc7fac3,となりのトトロ,My Neighbor Totoro,Tonari no Totoro,523
d4a90753-9a75-4f5f-818f-d4974b9640c9,どうぶつの森,Doubutsu no Mori,Doubutsu_No_Mori,2950
d58928b6-9b95-4435-bb17-6d3564f72dc7,ど根性ガエル,Dokonjou Gaeru,Dokonjou Gaeru,5618
b1f5fdc9-d7d2-4af5-abfe-862c88340a97,なんでここに先生が!?,"Why the hell are you here, Teacher!?",Nande Koko ni Sensei ga!_,38397
946c6889-20da-404c-b431-181da6b38ece,ののちゃん,Nono-chan,Nono-chan,6625
515045e8-c601-4092-9e00-eb99d4f1999f,のんのんびより,Non Non Biyori,Non Non Biyori,17549
21d03e3d-ed40-4899-98a6-7a0b94c1ab71,はじめの一歩 THE FIGHTING!,Fighting Spirit,Hajime_No_Ippo,263
99e7b876-887f-4598-857c-ee3362e02358,はじめの一歩 新シリーズ,Fighting Spirit: New Challenger,Hajime_No_Ippo_New_Challenger,5258
1a8255fa-6368-4037-8ce5-b0b038d17e76,はねバド！,Hanebado!,Hanebado!,37259
4d510990-0b38-4933-881f-d1b90736399c,はんだくん,Handa-kun,Handa-kun,32648
ceb6abbd-29a9-4643-a801-2f891edfa551,ひぐらしのなく頃に,When They Cry,Higurashi no Naku Koro ni,934
dc23320e-1a66-48ba-a893-8417b82c3288,ひそねとまそたん,Dragon Pilot: Hisone and Masotan,Hisone to Masotan - Dragon Pilot,36884
a6548885-eded-4cf8-904f-dd87749ab7ec,ふしぎの海のナディア,Nadia: Secret of Blue Water,Nadia_The_Secret_Of_Blue_Water,1251
49bff8f6-80fc-4b66-a37f-0b8b4f7ba136,ふたりはプリキュア Splash☆Star,Pretty Cure: Splash Star,Futari_Wa_Pretty_Cure_Splash_Star,1534
f04fc185-df94-4444-b1d5-f712ca9a3b5c,ふらいんぐうぃっち,Flying Witch,flying witch,31376
38db54ac-0b4c-466d-b725-6759cd3c2a9c,へうげもの,Hyouge Mono,Hyouge_Mono,9996
4835d503-5ed2-4282-898c-1e9ab21f2eb2,へやキャン△,Room Camp,Heya Camp,38476
d01bc2d2-2d42-49a6-9a55-b6b52ac6ac8c,ほしのこえ,Voices of a Distant Star,Hoshi no Koe,256
e39af5e4-2e3b-4df3-9543-58486202c172,ぼくたちは勉強ができない,We Never Learn: BOKUBEN,Bokutachi wa Benkyou ga Dekinai,38186
b9e86b2a-254d-40db-92e4-7df7655210d9,まじっく快斗1412,Magic Kaito 1412,Magic_Kaito_1412,25517
3a4ed939-4a43-4074-997b-677d406fd7fa,みるタイツ,Miru Tights,Miru Tights,38935
87a026b5-b5c9-4bb1-8f8a-4c1fd1bcb405,めぞん一刻,Maison Ikkoku,Maison_Ikkoku,1453
d7ac8d03-0ccf-43dd-b60c-fe97cfb5b060,もののけ姫,Princess Mononoke,Mononoke Hime,164
b5d5fc9e-a421-43d7-bc46-0654d4525640,もののけ姫,Princess Mononoke,Princess_Mononoke,164
7676bf1a-6e5d-4cdc-9ac0-6fe61b086a62,もやしもん リターンズ,Moyashimon Returns,Moyashimon_Returns,13409
bea261d7-04b8-4e4d-87b4-f954374c456d,やがて君になる,Bloom Into You,Yagate Kimi ni Naru,37786
c8d263de-18d3-4228-8fdf-c5e4ca8c7d0c,やはり俺の青春ラブコメはまちがっている。,My Teen Romantic Comedy SNAFU,Yahari_Ore_No_Seishun_Love_Come_Wa_Machigatteiru,14813
ae85bde6-48c7-4397-9b42-dabbf8a93738,ゆるキャン△,Laid-Back Camp,Yuru camp,34798
13fb44fc-9a1c-4e45-a329-417db9bb6e73,るろうに剣心 -明治剣客浪漫譚-,Rurouni Kenshin,Rurouni Kenshin,45
3e518fc4-0664-4b87-81f3-2b830a78d76d,るろうに剣心 -明治剣客浪漫譚-,Rurouni Kenshin,Rurouni_Kenshin_Meiji_Kenkaku_Romantan,45
ec4159a1-8ffb-494a-82ac-4ad63166194a,アイカツオンパレード! ,Aikatsu on Parade!,Aikatsu on Parade!,40266
eda4dfa9-4b77-4814-a061-2d58b238011e,アイカツ！アイドルカツドウ！,Aikatsu!,Aikatsu!,15061
f888f7cf-5ece-4561-ab45-292f8053182e,アウトブレイク・カンパニー,Outbreak Company,Outbreak_Company_Moeru_Shinryakusha,19369
6f1f2630-ecd9-491e-b5e2-0dbee0637ab7,アカメが斬る！,Akame ga Kill!,Akame ga Kill,22199
b9b911a9-c230-47b8-b9bd-74073a181d8c,アクエリオンEVOL,Aquarion Evol,Aquarion_Evol,10447
5b73cccc-98f5-47d9-8144-3dae8ac25760,アクセル・ワールド,Accel World,Accel World,11759
3659b9a6-b21c-402d-9830-4f472bbe1d0f,アグレッシブ烈子,Aggretsuko,Aggretsuko,36904
a98f0569-8708-40bc-b616-3127d223aea4,アタックNo.1,"Mila Superstar, Attack Number One",Attack No. 1,1550
2240f0a3-5171-4602-9a45-556bb3bdd70c,アップルシ－ド,Appleseed,Appleseed,54
a3ec425c-aa3b-4711-8129-3f5207686581,アトム ザ・ビギニング,Atom: The Beginning,Atom_the_Beginning,33371
7ba0dd21-e930-471e-8a47-16654837d97b,アニメミライ,Anime Mirai,Anime Mirai 2014,0
6562ace4-6d2c-4a3a-b84e-771cb777a201,アニメ店長x東方Project,Anime Tenchou x Touhou Project,Touhou,9875
f750e67e-3b18-405f-ba29-08c5dcb86777,アホガール,AHO-GIRL,Aho Girl,34881
c27f5228-7896-4be4-bd4f-e1b89473710f,アルスラーン戦記,The Heroic Legend of Arslan,Arslan_Senki,28249
5d2569b8-20b7-45bb-979a-c67265111fbe,アルプスの少女ハイジ,Alps no Shoujo Heidi,"Heidi,_Girl_Of_The_Alps",2225
c14b244d-f739-430b-aa89-79e3c757f74e,イエスタデイをうたって,"Sing ""Yesterday"" for Me",Yesterday wo Utatte,39710
cd7ac41e-6130-4610-a5ae-048319f038b3,イナズマイレブン,Inazuma Eleven,Inazuma_Eleven,5231
60ae92c1-2fbc-41c3-8b3a-1e3fb18f6157,イナズマイレブン Go,Inazuma Eleven Go,Inazuma_Eleven_GO,10507
3871900c-a83e-4466-aa69-a76a58676191,イナズマイレブン オリオンの刻印,Inazuma Eleven: Orion no Kokuin,Inazuma Eleven_ Orion no Kokuin,38235
db774f3c-749d-41cc-ad16-94ba056654a0,イナズマイレブンＧＯ ギャラクシー,Inazuma Eleven Go: Galaxy,Inazuma_Eleven_GO_Galaxy,18097
0aa666ab-2278-4baa-a5cf-09c00abe578a,オーバーロード,Overlord,Overlord,29803
25e18f2b-7f07-4a3a-b0fa-29bfbf0228e0,カウボーイビバップ,Cowboy Bebop,Cowboy Bebop,1
821707ef-65d8-4f8d-bd25-0c3ed03fda7f,カブキブ！,Kabukibu!,Kabukibu,33840
3bd64e3c-2c77-4665-b91a-e2c9bdfa0340,カリギュラ,Caligula,Caligula,36828
29abf688-d440-44ab-8624-e951090f6cb5,カンピオーネ！ ～まつろわぬ神々と神殺しの魔王～,Campione!,Campione!,12293
628e35e3-f2f8-493a-9530-e7ddfe5c86df,カードファイト!! ヴァンガード,Cardfight!! Vanguard,Cardfight!!_Vanguard,9539
5e3477ef-69aa-4438-93fe-cdb2d2b1146f,カードファイト!! ヴァンガード アジアサーキット編,Cardfight!! Vanguard Asia Circuit,Cardfight!!_Vanguard_Asia_Circuit_Hen,13145
b8299cd3-17ef-4725-bc50-d9c379e6bebb,カードファイト!! ヴァンガード リンクジョーカー編,Cardfight!! Vanguard Link Joker,Cardfight!!_Vanguard_Link_Joker_Hen,15611
6e9f7c4e-93c1-42e7-a7a5-37c50974a0b9,カードファイト!! ヴァンガード レギオンメイト編,Cardfight!! Vanguard Legion Mate,Cardfight!!_Vanguard_Legion_Mate_Hen,21729
36f9e678-5f23-40a3-a821-625ce046ff2e,カードファイト!! ヴァンガードG,Cardfight!! Vanguard G,Cardfight!!_Vanguard_G,27815
5242734b-13bd-48c6-9cff-4fd07193dcab,ガイコツ書店員本田さん,Skull-face Bookseller Honda-san,Gaikotsu Shotenin Honda-san,36317
9152931b-f814-41f7-b247-cd268d5aa8e0,ガイストクラッシャー,Gaist Crusher,Gaist_Crusher,19871
cb81440a-bc15-4fe1-b9f9-de37df7420f2,ガラスの花と壊す世界,Garakowa -Restore the World-,Glass no Hana to Kowasu Sekai - Garakowa,25907
51506606-485a-4fed-be99-2966eb3931ad,ガリレイドンナ,Galilei Donna: Storia di tre sorelle a caccia di un mistero,Galilei_Donna,19367
4c959d02-f888-4cf6-b554-242461270ce5,ガンダム Gのレコンギスタ,Gundam Reconguista in G,Gundam_G_No_Reconguista,23259
07e5e790-40b9-4698-b325-04fa580f2db8,ガンダムビルドファイターズ,Gundam Build Fighters,Gundam_Build_Fighters,19319
bc4f0d7a-3ae8-4057-97db-9be1a970208d,ガンダムビルドファイターズトライ,Gundam Build Fighters Try,Gundam_Build_Fighters_Try,24625
c5c3a4c5-95ab-462d-bef7-9c76c47db698,ガンツ,Gantz,Gantz,384
0bf40148-fa0d-4e96-925d-7faae7994e49,ガーリッシュ ナンバー,Girlish Number,Girlish_Number,32607
05db1bb1-bb95-4b03-a740-2146ea6e5bd3,ガールズ&パンツァー,Girls & Panzer,Girls und Panzer,14131
730a0cb7-2188-409d-8431-cb27028d211c,キカイダー０１　THE ANIMATION,Kikaider 01: The Animation,Kikaider_01,1768
23f7177f-24c0-40b4-a771-144b2f60829e,キテレツ大百科,Kiteretsu Encyclopedia,Kiteretsu,6509
4a2399c7-962c-49ed-8dad-6db7766b6e66,キノの旅 -the Beautiful World-,Kino's Journey,Kino no Tabi,486
c382fc67-e452-40e3-8ba0-4bb4d7390ba3,キャロル&チューズデイ,Carole & Tuesday,Carole & Tuesday,37435
20b45fa9-fca0-4a1f-b6f1-0bb306ddf6de,キラキラ☆プリキュアアラモード,Kirakira☆Precure A La Mode,Kirakira_PreCure_A_La_Mode,34290
6f0dc17c-8243-429e-b1dc-4d6b157b7c9e,キラッとプリ☆チャン,Kiratto Pri☆chan,Kiratto Prichan,37178
7e629332-a1d6-4f33-a57c-496939ade69e,キルラキル,KILL la KILL,Kill La Kill,18679
277d17fa-84da-4904-bd4b-979422ead1a2,キングダム,Kingdom,Kingdom,12031
0d5bcb8c-151c-41ee-b319-ec928e3eeba9,キングダム 第3シリーズ,Kingdom Season 3,Kingdom_S3,40682
87abe868-2670-4f18-af33-bbc8ff41e562,クジラの子らは砂上に歌う,Children of the Whales,Kujira no Kora wa Sajou ni Utau,34712
137810b9-3d87-4b72-9779-f2fda1ed2da2,クズの本懐,Scum's Wish,Kuzu no Honkai,32949
2817a88c-e955-46b4-aea5-a5055462ccb9,クレヨンしんちゃん,Shin Chan,Crayon_Shin-chan,966
3b8b7753-c14b-4b9c-b259-8c3e05811d96,クロスアンジュ 天使と竜の輪舞〈ロンド〉,Cross Ange: Rondo of Angel and Dragon,Cross Ange Tenshi to Ryuu no Rondo,25731
547ef48f-a6e4-484d-a57f-f9d53b1a086a,クロスファイト ビーダマン,B-Daman Crossfire,Cross_Fight_B-Daman_eS,11177
3008dd85-e830-4c7e-a4d6-410062093654,クロックワーク・プラネット,Clockwork Planet,Clockwork_Planet,32407
168b95eb-60de-4223-9e40-7ebda65e8c8b,グリザイアの果実,The Fruit of Grisaia,Grisaia no Kajitsu,17729
44c79634-9090-473d-9230-eb803a99006b,グリムノーツ,Grimms Notes The Animation,Grimms Notes The Animation,37154
4a443ea6-b663-437b-ac23-f0b1e11d1030,グレイプニル,Gleipnir,Gleipnir,39463
698da215-e6e9-4f17-bba6-aefd00394159,グレートマジンガー,Great Mazinger,Great_Mazinger,5658
3e19e982-7b7c-40c5-9ce3-cb550ba63a4a,ケロロ軍曹,Sgt. Frog,Keroro_Gunsou,516
5a4a8ee9-0fdb-4bbc-9620-141e4fa2da0b,ゲゲゲの鬼太郎,Gegege no Kitarou,GeGeGe no Kitaro,0
472d824e-63f8-4214-8a24-26acfdb446dc,ゲッターロボ,Getter Robo,Getter_Robo,3579
dea229db-fe26-45bc-8641-81fde79425f6,ゲッターロボ號,Getter Robo Go,Getter_Robot_Go,5292
8cbd7988-eef4-42ce-a027-8573b424bd8f,ゲド戦記,Tales from Earthsea,Tales_From_Earthsea,1829
8b76164e-cc08-4722-aeb4-47159ec2f922,コクリコ坂から,From Up on Poppy Hill,From_Up_On_Poppy_Hill,10029
eb329abc-1a70-49b0-a7ed-5d4736ca401f,コクリコ坂から,From Up on Poppy Hill,Kokuriko-zaka Kara,10029
5ebe2321-9118-49d4-b5e8-1c5cf482d584,コードギアス 反逆のルルーシュ,Code Geass: Lelouch of the Rebellion,Code_Geass_Lelouch_Of_The_Rebellion,1575
1a1a79b3-e858-475d-8e7f-968797548b61,ゴブリンスレイヤー,Goblin Slayer,Goblin Slayer,37349
50046da7-e0d8-4f52-a9d8-d843e3c7e4a8,ゴルゴ13,Golgo 13,Golgo_13,4039
70220a9a-173c-4ebd-a21c-0389ebc77739,ゴン,Gon,GON,7867
ca98c82f-9d17-4a7e-af67-3460be12265b,サイコパス,Psycho-Pass,Psycho-Pass,13601
1039f5e9-8423-43ba-833e-f462be9ee9bf,サイコパス,Psycho-Pass,Psycho-Pass_New_Edit_Version,13601
15b0810b-698b-453c-9f54-958d0d777cad,サカサマのパテマ,Patema Inverted,Sakasama no Patema,12477
029d2cad-b667-46ce-ac4b-d48ccf077a15,サザエさん,Mrs. Sazae,Sazae-san,2406
dfe37f5c-93da-4d6d-b638-61488a3767a0,サマーウォーズ,Summer Wars,Summer_Wars,5681
879812f1-7f65-468d-bb85-6f591ea74832,サムライフラメンコ,Samurai Flamenco,Samurai_Flamenco,19365
7fc2d276-4017-44ff-8c36-7291dc3c31cb,シドニアの騎士,Knights of Sidonia,Shidonia_No_Kishi,19775
4e8d4222-6be3-4d9a-98a4-4f400e559a7c,シドニアの騎士 第九惑星戦役,Knights of Sidonia: Battle for Planet Nine,Shidonia_No_Kishi_Daikyuu_Wakusei_Seneki,24893
5d4a68c7-f237-4632-97df-e5312cc609f8,シュタインズ・ゲート ゼロ,Steins;Gate 0,Steins ; Gate 0,30484
1d54b763-4021-400b-b276-e58a44e216b0,ジュエルペット サンシャイン,Jewelpet Sunshine,Jewelpet_Sunshine,10359
fda86331-39e6-41f9-928d-3430a022030c,ジュエルペット ハッピネス,Jewelpet Happiness,Jewelpet_Happiness,17497
f8c9bcab-72b8-4fbd-810a-d976d1354b0e,ジュエルペット マジカルチェンジ,Jewelpet Magical Change,Jewelpet_Magical_Change,30030
c3e51f40-24ff-4409-a138-cff0b0e1632e,ジュエルペットきら☆デコッ!,Jewelpet Kira☆Deco!,Jewelpet_Kira_Deco!,12963
01cb5f66-d115-4e2e-bf03-a69bec1e8325,ジョジョの奇妙な冒険,JoJo's Bizarre Adventure,JoJo's_Bizarre_Adventure,14719
7b1f3ed5-ce7b-4db7-9edb-2837e873f02c,ジョジョの奇妙な冒険 スターダストクルセイダース,JoJo's Bizarre Adventure: Stardust Crusaders,JoJo's_Bizarre_Adventure_Stardust_Crusaders,20899
94d659a6-bad2-4d16-b55e-914bf49610b6,ジョジョの奇妙な冒険 黄金の風,JoJo's Bizarre Adventure: Golden Wind,JoJo no Kimyou na Bouken_ Ougon no Kaze (Golden Wind),37991
a69e12cf-a044-40d4-9403-b86d830bdfdb,スイート プリキュア♪,Suite Pretty Cure♪,Suite_PreCure,9893
a7e67e73-769d-49ef-901d-0bd47751de8f,スカイ・クロラ,The Sky Crawlers,The Sky Crawlers,3089
a0a2faf6-69eb-447b-b7ac-1f88ba57162b,スタンドマイヒーローズ PIECE OF TRUTH,Stand My Heroes: Piece of Truth,Stand My Heroes_ Piece of Truth,38331
e0266548-347b-46ee-8c50-a9d9e0947045,スター☆トゥインクルプリキュア,Star☆Twinkle Precure,Star Twinkle Precure,38578
f25db6fb-77e6-43c3-8b9b-0ec5f115fe39,スチームボーイ,Steamboy,Steamboy,565
a405164e-97ad-4817-a38e-4233ac6f7477,ステラ女学院高等科C³部（しーきゅーぶ）,"Stella Women's Academy, High School Division Class C³",Tokurei_Sochi_Dantai_Stella_Jo-Gakuin_Koutou-ka_C3-bu,17821
d2bea1b4-ac72-42ca-8521-3e3fb45245ce,ストライクウィッチーズ,Strike Witches,Strike Witches,3667
7e2c9801-ff68-4949-bf7e-ff6be8f0c397,スナックワールド (TV),The Snack World (TV),The Snack World,32596
e3513d77-1b12-4472-b54b-1a13c4598b29,スマイルプリキュア,Glitter Force,Smile_PreCure,12191
9ed45137-59b5-4f36-83c8-acd975ded2dd,セイレン,Seiren,Seiren,33836
fa54a165-54cc-4bf9-9f47-1959a830293c,ソマリと森の神様,Somali and the Forest Spirit,Somali to Mori no Kamisama,39575
0aeaf660-7c1e-4bfe-b329-dd9a2bb497e5,ソードアート・オンライン,Sword Art Online,Sword Art Online,11757
1ae09c33-e620-4f16-bf03-d2fd40554469,ソードアート・オンライン II,Sword Art Online II,Sword Art Online II,21881
1c189c4f-00b1-403c-95f8-017cc2eeaad5,ソードアート・オンライン アリシゼーション,Sword Art Online: Alicization,Sword Art Online_ Alicization,36474
f8b61ff0-8c76-44be-9ac3-79bee7510aca,ソードアート・オンライン オルタナティブ ガンゲイル・オンライン,SAO Alternative Gun Gale Online,Sword Art Online Alternative Gun Gale Online,36475
6931e06e-3a13-4f90-9178-a7d252ebf36b,タイムトラベル少女～マリ・ワカと8人の科学者たち～,Time Travel Girl,Time_Travel_Shoujo,33341
3c01803e-39a9-456a-a6b8-db3488492780,タイムボカン24,Time Bokan 24,Time_Bokan_24,33026
80bef3e8-4693-45d7-af00-fa66791806ce,タッチ,Touch,Touch,1065
4ecddf7d-1c06-4372-8872-dc3fe461082b,ダイヤのA[エース],Ace of Diamond,Ace_Of_Diamond,18689
3acd6ef0-62a7-452c-a38b-11d262457005,ダンジョンに出会いを求めるのは間違っているだろうか,Is It Wrong to Try to Pick Up Girls in a Dungeon?,Dungeon ni Deai o Motomeru no wa Machigatte Iru Darouka,28121
d761a554-6711-45ef-a9b4-8725a2d83e3f,ダンベル何キロ持てる？,How heavy are the dumbbells you lift?,Dumbbell Nan Kilo Moteru_,39026
53c77e4d-7c95-4642-97df-1d9228afe955,ダンボール戦機ウォーズ,Danball Senki Wars,Danball_Senki_Wars,17917
1c152b66-b3a0-4c05-a72f-60409a9dd496,ダーウィンズゲーム,Darwin's Game,Darwin's Game,38656
9445f10f-9484-43c4-8069-ba871a237528,テンカイナイト,Tenkai Knights,Tenkai_Knights,23067
16b35b62-7097-46ba-9f2a-cb3c08050103,ディスク・ウォーズ：アベンジャーズ,Marvel Disk Wars: The Avengers,Disc_Wars_Avengers,21013
37919d24-6ed2-49aa-967c-922ff9cbe354,デジモンアドベンチャー: ,"Digimon Adventure (2020), Digimon Adventure Reboot",Digimon Adventure_ (Reboot),41074
1833374d-bf88-4486-b6c7-43c2061826ce,デジモンアドベンチャーtri.（トライ）,Digimon Adventure tri.,Digimon Adventure Tri,0
8a6dbdb4-c3e4-43b0-a938-7d8085cb658b,デジモンユニバース アプリモンスターズ,Digimon Universe App Monsters,Digimon_Universe_Appli_Monsters,33314
691ce420-36f6-429e-b505-e0a67c931ea8,デスノート,Death Note,Death_Note,1535
f76c6e78-adae-4ece-a7a2-ef9214ca9f9e,デビルサバイバー２ THE ANIMATION,Devil Survivor 2 The Animation,Devil_Survivor_2_The_Animation,16512
d59b00a4-d00f-41f0-9fc7-31ae8ebb86d4,デビルズライン,Devils' Line,Devils Line,35928
1b65c21f-7c85-4564-91ca-5c4944c02934,デビルマン,Devilman,Debiruman,2252
527efb03-5610-4bd6-b3d1-0cd44e9cb903,デュエル・マスターズ,Duel Masters,Duel_Masters,1685
68d57852-4708-417c-899f-39e2e6aa8895,デュエル・マスターズ VS,Duel Masters VS,Duel_Masters_VS,23409
76c0f89a-033c-43ae-bc47-7be560924d11,デュエル・マスターズ VSR,Duel Masters VSR,Duel_Masters_VSR,29687
44fcbcaa-d1c0-4aed-8493-b3973da5ed38,デュエル・マスターズ ビクトリー,Duel Masters Victory,Duel_Masters_Victory,10524
b5c69a4c-f670-4f95-9b50-d4ac84b234e1,デュエル・マスターズ ビクトリーV,Duel Masters Victory V,Duel_Masters_Victory_V,21997
d247083e-44f2-4bd3-80d0-e32849112b1e,デュエル・マスターズ ビクトリーV3,Duel Masters Victory V3,Duel_Masters_Victory_V3,21999
f4e58941-d078-4a1c-9202-b038c6992565,デュエル・マスターズVSRF,Duel Masters Versus Revolution Final,Duel_Masters_VSRF,32582
1d0ec07f-6a2d-4edf-9ab8-5102741f17f1,デート・ア・ライブ,Date A Live,Date a Live,15583
8c8a092a-db83-431c-b9a8-675b28792111,トップをねらえ！ GunBuster,Gunbuster,Top o Nerae! GunBuster,949
f8720b0a-5723-4d8e-9006-6bdb2f0634a0,トライガン,Trigun,TRIGUN,6
3e139ad0-ff9b-42b7-99a8-9ede304a03e3,トライブクルクル,Tribe Cool Crew,Tribe_Cool_Crew,26453
ca5d8d9f-33cd-4013-8a31-b09aafeae5c4,トリコ,Toriko,Toriko,10033
b262b2e0-e44b-4214-a60a-b11b5824adc5,トレインヒーロー,Train Heroes,Train_Heroes,18137
593649c5-9ba9-4ca6-98c3-e12e342fa7fd,ドキドキ! プリキュア,Glitter Force Doki Doki,Doki_Doki!_PreCure,16419
ca4caa3d-0714-4276-bd11-7fbe5429e8ca,ドクターストーン,Dr. Stone,Dr. Stone,38691
42d37e9d-8000-4c66-b874-f68431905988,ドラえもん,Doraemon,Doraemon,0
2a7f7759-f2c4-4726-9ace-a02441138b85,ドラゴンクエスト・ダイの大冒険,Dragon Quest: Dai no Daibouken (TV),Dragon Quest_ The Adventure of Dai,2229
a00e51e0-47da-41e1-951c-e4c6ee3334d4,ドラゴンクエスト～勇者アベル伝説～,Dragon Warrior,Dragon Quest - Yuusha Abel Densetsu,2819
d8bb5369-298a-4165-8ca2-b49f09b97bee,ドラゴンボール,Dragon Ball,Dragon_Ball,223
25fd1f5a-90b4-4d9c-9d4f-32498bf290d3,ドラゴンボールGT,Dragon Ball GT,Dragon_Ball_GT,225
e0793d5c-5f38-4515-b034-1225a95f073f,ドラゴンボールZ,Dragon Ball Z,Dragon_Ball_Z,813
3d44d4e8-1970-4789-bb5b-8f42a5ad6935,ドラゴンボール改,Dragon Ball Z Kai,Dragon_Ball_Kai,6033
d3d4a6f9-3e06-4fd9-b054-a1a428cf1138,ドラゴンボール超（スーパー）,Dragon Ball Super,Dragon_Ball_Super,30694
2464fe04-308a-498e-baf5-2327311bce48,ドロヘドロ,Dorohedoro,Dorohedoro,38668
467d6bd9-1cbd-4f19-bca8-d3e4946d90d9,ナルト,Naruto,Naruto,20
84c18cc0-8561-4066-bb91-0e83ae6d4c4f,ナルト- 疾風伝,Naruto: Shippuden,Naruto_Shippuuden,1735
d69c77c5-9d22-46f9-9be0-9bcd6ba6c5ef,ナルトSD ロック・リーの青春フルパワー忍伝,NARUTO Spin-Off: Rock Lee & His Ninja Pals,Naruto_SD_Rock_Lee_No_Seishun_Full-Power_Ninden,12979
d8aaace6-897b-402a-a483-d8b07d034b2d,ナルトSD ロック・リーの青春フルパワー忍伝,NARUTO Spin-Off: Rock Lee & His Ninja Pals,Naruto_SD_Rock_Lee_No_Seishun_Full-Power_Ninden_Mou_Iccho,12979
34244056-ec3e-4adf-9972-110d23450bc4,ニンジャバットマン,Batman Ninja,Batman Ninja,36517
aaf339c6-b9df-4f3a-9db5-73fa0cb74bd1,ネコぱらOVA,Nekopara OVA,Nekopara OVA,34658
fceb6488-ef6b-40ba-be1d-daac047d1279,ハイキュー!!,Haikyu!!,Haikyuu!!,20583
93bd1b7e-55ae-4a12-a7e1-0561e4ce4f2b,ハイキュー!! TO THE TOP,Haikyuu!!: To the Top,Haikyuu!! S4,38883
ee617615-bbc4-4b40-a46e-0caf32e4f7d1,ハイスクールD×D,High School DxD,high school dxd,11617
41926779-8b20-4608-8788-de345a82a154,ハイスコアガール,High Score Girl,High Score Girl,21877
fddff65a-a268-45d2-aadf-25732e2a3c9d,ハウルの動く城,Howl's Moving Castle,Howl's Moving Castle,431
14312da8-d203-44a0-9709-3b9614d2806f,ハウルの動く城,Howl's Moving Castle,Howl's_Moving_Castle,431
d8506a3c-67c8-490f-bf75-500b098dcad9,ハウルの動く城,Howl's Moving Castle,howls moving castle,431
18801421-a714-4ee6-b735-0f09c288a827,ハチミツとクローバー,Honey and Clover,Hachimitsu to Clover,16
fa58d54a-e2a7-4eea-8bb2-4ab8e6cf0168,ハチミツとクローバー II,Honey and Clover II,Hachimitsu to Clover II,1142
8c408bad-a862-488e-b061-b08afb35715d,ハピネスチャージプリキュア！,Happiness Charge Precure!,HappinessCharge_PreCure!,21407
a335cab3-d645-42fd-adb9-3e104ad2d1b2,ハートキャッチプリキュア!,Heartcatch Precure!,Heart_Catch_PreCure!,7645
fa168a92-74df-472e-a85d-d410025ac948,バキ,Baki,Baki (2018),34443
2be5ace1-65a8-4fb1-85c1-721adb2c8c65,バクマン。,Bakuman.,Bakuman,7674
cb63955a-15bf-4381-a7a4-5ce97d1f945d,バケモノの子,The Boy and the Beast,Bakemono no Ko,28805
a8304d8a-eceb-4d65-b7bc-268b55d77822,バディ・コンプレックス,Buddy Complex,Buddy Complex,21437
a03522e2-0df8-4385-b4bb-66da75987c6d,バトルスピリッツ ソードアイズ,Battle Spirits: Sword Eyes,Battle_Spirits_Sword_Eyes,14913
25521f01-54dd-4c80-8c90-ad00c7c1887b,バトルスピリッツ ソードアイズ激闘伝,Battle Spirits: Sword Eyes Gekitouden,Battle_Spirits_Sword_Eyes_Gekitouden,19877
c5139d9f-4347-4d70-9647-776a332d459c,バトルスピリッツ ダブルドライブ,Battle Spirits: Double Drive,Battle_Spirits_Double_Drive,32670
66354e7c-a74e-4f60-aec4-851ec2d3524a,バトルスピリッツ烈火魂〈バーニングソウル〉,Battle Spirits: Burning Soul,Battle_Spirits_Burning_Soul,27737
bca66d56-0357-45c1-b23c-8be1945b0658,パズドラクロス,Puzzle & Dragons X,Puzzle_And_Dragons_Cross,32772
34027100-2f79-4f51-9095-7f34e54bb37e,パプリカ,Paprika,Paprika,1943
e9e308df-a8cd-4c6f-add4-86ecb58ce35c,パンでPeace！,Pan de Peace!,Pan_De_Peace_!,31498
402087cf-9ccd-4f86-a327-82c56b946b13,パンダ・コパンダ,Panda! Go Panda!,Panda Kopanda,2611
f7bfadfc-0026-4fb1-9974-80da5dea06b3,パンチライン,Punch Line,Punchline,28617
1c887833-2a09-47ac-9616-758ed45caf23,パーマン,Perman,Perman,6303
983d0812-4dcb-4e60-ac85-9e12bfa565b2,ヒーリングっど♥プリキュア,Healin' Good Pretty Cure,Healin' Good Precure,40610
35f5e371-7961-42ad-9c14-b97a45fe03f4,ヒーリングっど♥プリキュア,Healin' Good Pretty Cure,Healin'_Good_Precure,40610
090ac51a-69a6-4994-89c0-66da68f0785f,ヒーローバンク,Herobank,Hero_Bank,22099
6c2398d3-2b32-4648-b8f1-deebc4d8a912,ビッグオーダー,Big Order (TV),Big Order,31904
702227da-6e0c-4840-a594-f96b7b573499,ビーストサーガ,Beast Saga,Beast_Saga,15795
38fba19a-aa26-43ed-8e13-5890bdb14ee4,ピアノの森,Forest of Piano,Piano no Mori,36652
f84c6c1a-478f-41b2-b3b8-998aaa486e93,ピンポン THE ANIMATION,Ping Pong the Animation,Ping_Pong_THE_ANIMATION,22135
a65125be-7e67-4da8-9e96-a656130f99ed,ファイナルファンタジーVII アドベントチルドレン,Final Fantasy VII: Advent Children,Final Fantasy VII Advent Children,317
34f13fda-038b-4473-a391-d6165664f6a7,ファイ・ブレイン 神のパズル,Phi-Brain ~ Puzzle of God,Phi_Brain_Kami_No_Puzzle,9981
c82e6f02-bd6f-461c-8247-3991f7ccd83f,ファンタシースターオンライン２ ジ アニメーション,Phantasy Star Online 2 The Animation,Phantasy_Star_Online_2_The_Animation,31223
c1fecfd9-fa06-423c-a093-cf41cc995a53,フェアリーゴーン,Fairy Gone,Fairy Gone,39063
f620afb5-421a-4277-9b52-c4b8f5f30a6e,フォトカノ,Photo Kano,Photo_Kano,16397
8177c3fb-a54a-4aa5-ac2c-24f63c25a4b9,フューチャーカード バディファイト,Future Card Buddyfight,Future_Card_Buddyfight,19067
b5e42927-f3c1-46ae-a8d3-e6c170ead3ae,フューチャーカード バディファイト100,Future Card Buddyfight Hundred,Future_Card_Buddyfight_100,30039
4acb5e06-fdc3-487e-bf57-33e6e886855c,フューチャーカード バディファイトDDD,Future Card Buddyfight Triple D,Future_Card_Buddyfight_DDD,32785
eb434b46-52b2-43af-9033-04cac52a55a9,フルメタル・パニック！,Full Metal Panic!,Full_Metal_Panic!,71
72c71bde-fa07-47e2-b0fe-d6fb98c2bd28,フルーツバスケット,Fruits Basket (2019),Fruits Basket (2019),38680
f33ded77-34f3-4f78-b90c-448db23da724,フレッシュプリキュア！,Fresh Precure!,Fresh PreCure!,5684
75e2fbb3-767c-4e8e-9183-0c606ba19178,ブギーポップは笑わない,Boogiepop and Others,Boogiepop wa Warawanai (2019),37451
8139da04-2f1f-4d8e-a9e5-4cf5c88077b2,ブラック・ジャック,Black Jack,Black_Jack,1520
8771f869-3381-415f-b603-bcaade2c9e84,ブレイドアンドソウル,Blade & Soul,Blade_x_Soul,22547
cdc3a0d2-7d41-49b5-94a0-67a8e37ee822,ブレイブビーツ,Brave Beats,Brave_Beats,31573
09413843-d4c1-4f60-b76e-6450c5d063a4,ブレイブ・ストーリー,Brave Story,Brave Story,1681
72fe9997-f8c7-462e-a54c-e91410f60d86,プランダラ,Plunderer,Plunderer,37345
667e0242-f2cc-4b5c-8e81-cfce72462840,プリティーリズム オーロラドリーム,Pretty Rhythm: Aurora Dream,Pretty_Rhythm_Puri-Para,10257
66cf5f3b-1f38-4c2b-b448-ee2280989a3e,プリティーリズム ディアマイフューチャー,Pretty Rhythm: Dear My Future,Pretty_Rhythm_Dear_My_Future,12863
2732193d-14da-45da-868c-31dfd20aa18f,プリティーリズム・オールスターセレクション,Pretty Rhythm: All Star Selection,Pretty_Rhythm_All_Star_Selection,22215
6013e314-3e3d-47b1-bd6c-8f5b88d9b607,ベイビーステップ,Baby Steps,Baby_Steps,21185
88f3a066-89b5-4c14-af06-daae4cdeeef1,ベイブレードバースト,Beyblade Burst,Beyblade_Burst,31049
224b69e2-f79b-4ca5-b420-3b2c5a939cbb,ベイブレードバースト 神〈ゴッド〉,Beyblade Burst Evolution,Beyblade_Burst_God,34901
31b37015-d544-4ffa-8c66-3dfe9cc2c8d9,ベイブレードバースト 超ゼツ,Beyblade Burst Turbo,Beyblade Burst Chouzetsu,37283
59192858-2230-41a6-912e-125d10309bf2,ベルセルク 黄金時代篇Ⅲ 降臨,Berserk: The Golden Age Arc III - The Advent,Berserk Ougon Jidai Hen,12115
4fbdaadb-3314-4727-91c3-5c134343b1e2,ペンギン・ハイウェイ,Penguin Highway,Penguin Highway,37407
4dbbafcd-4009-4280-b947-765b77ebbe93,ポケットモンスター,Pokemon Journeys: The Series,Pokemon (2019),40351
eebe8277-4384-4dc5-9c92-f0cdfa690592,ポケットモンスター,Pokémon,Pokemon,527
7a4dd942-325f-4592-b7f4-8ecfd28bccf2,ポケットモンスター サン＆ムーン,Pokémon the Series: Sun & Moon,Pokemon SM,34034
57c4c78e-71c5-42a5-9904-5e5138d44509,ポケットモンスター サン＆ムーン,Pokémon the Series: Sun & Moon,Pokemon_Sun_And_Moon,34034
2ad85228-ebfe-42f2-8f9f-8c17eafaf1eb,ポケットモンスター ダイヤモンド&パール,Pokemon Diamond & Pearl,Pokemon_Diamond_And_Perl,1565
2aff8db5-672e-4164-8bd5-da5740186cbf,ポケットモンスターXY,Pokémon The Series: XY,Pokemon_XY,19291
adb7731d-d879-4e4b-9e91-ff8d97213738,ポケットモンスターXY&Z,Pokémon the Series: XYZ,Pokemon_XYZ,31592
4ed7ab61-c63c-4e56-b6db-aa98f7f2d3fa,ポケットモンスターベストウイッシュ,Pokémon: Black & White,Pokemon_Best_Wishes,9107
9a52566a-f94e-433d-b0f2-9d6453eb8933,ポッピンQ,Pop in Q,Pop in Q,30695
29948864-470c-46ff-add1-29a4ae7d737d,ポプテピピック,Pop Team Epic,Pop Team Epic,35330
a4248ca8-59b5-4392-b8a7-d1bb1814a4ff,マイマイ新子と千年の魔法,Mai-Mai Miracle,Mai Mai Shinko to Sennen no Mahou,5084
86cbbf95-3e55-41a5-9172-e10ac1287910,マギ The kingdom of magic,Magi: The Kingdom of Magic,Magi_The_Kingdom_Of_Magic,18115
ef6f5e5d-bdfe-4217-9042-2d93f02bd604,マギ The labyrinth of magic,Magi: The Labyrinth of Magic,Magi_The_Labyrinth_Of_Magic,14513
651e803b-e7d5-45ff-aa18-c4fa6a686832,マギアレコード 魔法少女まどか☆マギカ外伝 (TV),Magia Record: Puella Magi Madoka Magica Side Story,Magia Record_ Mahou Shoujo Madoka Magica Gaiden,38256
273c0871-35af-40a5-abc6-02941b422662,マジンガーＺ,Mazinger Z,Mazinger_Z,2253
f41d5a1e-12bf-4107-a5f6-a36999660f73,マジンボーン,Majin Bone,Majin_Bone,21835
bcafe4ef-2e6d-45b3-b4d3-92300a3cd887,ミュークルドリーミー,Mewkledreamy,Mewkledreamy,40327
f35ad18f-60ba-44a7-8d80-ef83d3e6ae93,ムシブギョー 蟲奉行,Mushibugyo,Joujuu_Senjin!!_Mushibugyou,17505
436580f0-e631-470a-8e8e-7cdc0c3537ab,ムーンライトマイル,Moonlight Mile,Moonlight_Mile,1941
415b2708-3841-415e-b600-4b80d49d5cdf,メガロボクス,Megalobox,Megalo Box,36563
ce115f23-c0cb-4e5c-81f4-3980b60ffec9,メジャー,Major,Major,627
396fca7d-c748-4da3-b169-2e05a9c623de,メジャー,Major,Major 2nd,627
88c372db-cdaa-4407-85a5-bea0cadd52d2,メタルファイト ベイブレード,Metal Fight Beyblade,Metal Fight Beyblade,5962
cedba3b7-7bee-4a86-b413-c43a1c70326b,メタルファイト ベイブレード ZEROG,Beyblade: Shogun Steel,Metal_Fight_Beyblade_Zero-G,13231
9423cf05-4d35-43cc-b279-9fb3823e1454,モブサイコ100 II,Mob Psycho 100 II,Mob Psycho 100 II,37510
2a336335-97ab-4279-bc2c-904a263ecac4,モンスターストライク,Monster Strike,Monster Strike,30757
62730679-990a-4422-9740-c32e73ee4f2f,モンスターストライク THE MOVIE ソラノカナタ,Monster Strike the Movie: Sora no Kanata,Monster Strike The Movie - Sora no Kanata BD Pgs,38021
36dcd89b-9284-42eb-a625-62211827c2cd,モンスターハンターストーリーズ RIDE ON,Monster Hunter Stories: Ride On,Monster_Hunter_Stories_Ride_On,31631
819fc713-f7d3-4527-8353-b50b86999946,ヤング ブラック・ジャック,Young Black Jack,Young_Black_Jack,30740
664b92e8-daf4-4a4d-a1aa-2b25ef4cb069,ユーリ!!! on ICE,Yuri!!! On ICE,Yuri!!! on Ice,32995
c927f04e-592b-4d13-8aec-ca5f42ba3a2e,ライディーン,Reideen,Reideen,1693
a5d4e259-f653-47d6-81b4-229b6e3c7628,ラストピリオド -終わりなき螺旋の物語-,Last Period: The Journey to the End of the Despair,Last Period_ Owarinaki Rasen no Monogatari,37254
c83ac8fe-1c4a-4535-afc9-076b1bc3efcf,ラディアン,Radiant,Radiant,37202
6e9f5e38-d00e-4118-a36c-5a0f45ccb797,ラブライブ! School idol project,Love Live! School Idol Project,Love_Live!,15051
af2d248c-79d7-4310-8ff2-9306c88a3424,ランウェイで笑って,Smile Down the Runway,Runway de Waratte,40392
582a7ef3-5231-4cd0-985e-01426a3fdb34,ランス・アンド・マスクス,Lance N' Masques,Ransu_Ando_Masukusu,24011
f8fdad23-511c-4b90-9762-8071b0f5167d,リティーリズム・レインボーライブ,Pretty Rhythm: Rainbow Live,Pretty_Rhythm_Rainbow_Live,17249
5bc80f84-a04d-48a7-889f-be8523d507bc,リトルウィッチアカデミア,Little Witch Academia,Little Witch Academia,14349
9ee131c4-6fb2-4cc0-aa2f-ae291c272979,リラックマとカオルさん,Rilakkuma and Kaoru,Rilakkuma and Kaoru,35777
f1012329-5a25-4b06-97c3-ec83411b31c3,リルリルフェアリル～妖精のドア～,Rilu Rilu Fairilu: Yousei no Door,Rilu_Rilu_Fairilu,34754
cc44fa9c-e422-42f3-9155-fd8da0eda967,ルガーコード 1951,Luger Code 1951,Luger Code 1951,31598
7c1b2c33-fc08-4852-86bd-20cfe703da3f,ルパン三世,Lupin III,Lupin_III,1412
2c00544c-0f80-4014-93e8-7f7f93eece9a,ルパン三世 - Part III,Lupin III: Part III,Lupin_III_Part_III,1426
7bd4cb92-3151-4580-9faf-2cd968b7b73f,レディ ジュエルペット,Lady Jewelpet,Lady_Jewelpet,22693
2f80c5bc-169c-43bd-8563-1a4e1be16543,レーカン！,RE-KAN!,Re-Kan!,25859
3e3998df-ccf7-4d09-bd7a-d74e8460402c,ログ・ホライズン,Log Horizon,Log_Horizon,17265
cd27896c-44ad-4ce2-aa6f-7d1c9f6a0c63,ロボットガールズＺ,Robot Girls Z,Robot_Girls_Z,19799
9bcfe0c4-c846-4f4a-9427-f93bf7b8fea8,ロボティクス・ノーツ,Robotics;Notes,Robotics_Notes,13599
7808d877-6014-4d7d-a4d3-4a431f8aa742,ローゼンメイデン (2013),Rozen Maiden: Zurückspulen,Rozen_Maiden_(2013),18041
06c57284-9cbf-4521-ac41-0e47f36766c9,ワンパンマン,One Punch Man,ONE PUNCH MAN,30276
07b9fe6b-fa22-4a75-951c-7264bf2335a0,ワンパンマン,One Punch Man 2nd Season,ONE PUNCH MAN S2,34134
61ed1196-90fb-4c2c-890c-40822f2bf773,七つの大罪,The Seven Deadly Sins,Nanatsu_No_Taizai,23755
fbb90b0c-6c12-4e8e-b0b5-bc1c8c2c3ea3,七つの大罪 戒めの復活,The Seven Deadly Sins: Revival of the Commandments,Nanatsu no Taizai_ Imashime no Fukkatsu,34577
0a875b23-35d6-48de-a3cb-129ecc243c01,七つの大罪 神々の逆鱗,The Seven Deadly Sins: Wrath of the Gods,Nanatsu no Taizai_ Kamigami no Gekirin,39701
b57ff6aa-d662-4e71-a018-754dcc919581,七つの大罪 聖戦の予兆,The Seven Deadly Sins: Signs of Holy War,Nanatsu no Taizai - Seisen no Shirushi,31722
0ea7d265-8b92-410d-b074-4fc211af33bf,三国志,Sangokushi,Sangokushi,7696
fc93507a-3751-48f7-9d66-577f2f6c7c92,上野さんは不器用,"How clumsy you are, Miss Ueno.",Ueno-san wa Bukiyou,37920
a205b189-3e7c-42a3-bc16-d0dbd53dfb2e,世話やきキツネの仙狐さん,The Helpful Fox Senko-san,Sewayaki Kitsune no Senko-san,38759
37c31b50-ba5f-4604-b6cc-f0ee1b890df5,中間管理録トネガワ,Mr. Tonegawa: Middle Management Blues,Chuukan Kanriroku Tonegawa,37338
18b9df44-13c6-4e22-b6ee-6223ce551268,乙女ゲームの破滅フラグしかない悪役令嬢に転生してしまった…,My Next Life as a Villainess: All Routes Lead to Doom!,Otome Game no Hametsu Flag shika Nai Akuyaku Reijou ni Tensei shiteshimatta...,38555
e7d9e047-a55d-4106-8f18-9b850b02bb8c,乱歩奇譚 Game of Laplace,Rampo Kitan: Game of Laplace,Ranpo_Kitan_Game_Of_Laplace,28619
4aa3f2ad-b12b-42a1-86ea-123b82b7fe43,二ノ国,Ni no Kuni,Ni no Kuni,39235
089a5936-518d-4d1c-b767-3a20d80350f2,亜人,Ajin: Demi-Human,Ajin,31580
6e405809-19eb-4a16-8d0d-b79115c4c92b,亜人,Ajin: Demi-Human,Ajin S2,31580
00c67aaa-b2b4-4ea2-92c1-eec64eaeb76e,交響詩篇エウレカセブン,Eureka Seven,Eureka_Seven,237
a7ac9a05-aafe-489d-8a2c-ad5d24986fca,人造人間キカイダーTHE ANIMATION,Android Kikaider,Android_Kikaider,598
0fb9b21b-4b35-41a5-a9de-532e9547819c,人類は衰退しました,Humanity Has Declined,Jinrui wa Suitai Shimashita,10357
d94a0d08-0a3e-4fbd-9f1f-6813bd00e502,信長協奏曲〈コンツェルト〉,Nobunaga Concerto,Nobunaga_Concerto,24135
35f441f0-fbf1-400e-bcfc-fa8088f896cd,俺、ツインテールになります。,Gonna be the Twin-Tail!!,"Ore,_Twintail_Ni_Narimasu",24705
247f6dbc-670e-4026-bc2b-dfaf5d3987b3,俺を好きなのはお前だけかよ,ORESUKI Are you the only one who loves me?,Ore wo Suki nano wa Omae dake ka yo,38483
411ff651-92c5-49c5-8251-7ea782c7ac9f,借りぐらしのアリエッティ,The Secret World of Arrietty,The_Borrower_Arrietty,7711
ea2717ce-3c92-48c8-a59d-fddd46aa948c,偽物語,Nisemonogatari,Nisemonogatari,11597
342a15c4-e689-46a9-a85c-bf5513cba7c3,僕だけがいない街,ERASED,Boku Dake Ga Inai Machi (resynced),31043
fcd9d8a8-e395-4a06-b10a-ad3bb161922d,僕だけがいない街,ERASED,Boku_Dake_Ga_Inai_Machi,31043
50a7d439-1a7b-4316-8091-c6a1f850bfdb,僕のヒーローアカデミア,My Hero Academia,Boku_No_Hero_Academia,31964
1b1cea29-3cb0-4ae2-a840-aacdbf46c2be,僕は友達が少ない NEXT,Haganai: I don't have many friends NEXT,Boku_Wa_Tomodachi_Ga_Sukunai_Next,14967
a2b46f83-8792-4d47-826b-2241282b0483,僕らはみんな河合荘,The Kawai Complex Guide to Manors and Hostel Behavior,Bokura_Wa_Minna_Kawaisou,21405
33a29e80-9f3e-4561-a947-2819da830e12,元祖天才バカボン,Ganso Tensai Bakabon,Ganso Tensai Bakabon,11268
61454d57-81e7-4ee8-aa4f-641c1704bbe2,八男って、それはないでしょう！,The 8th son? Are you kidding me?,"Hachi-nan tte, Sore wa Nai deshou!",38830
90e17269-dd03-4005-bb41-95c8011f2858,冴えない彼女〈ヒロイン〉の育てかた,Saekano: How to Raise a Boring Girlfriend,Saenai_Heroine_No_Sodatekata,23277
01b5e91b-ab66-44da-8685-f48235f55eab,刀語,Katanagatari,Katanagatari,6594
69447032-4804-4040-bbb1-31cff794dd55,剣風伝奇ベルセルク,Berserk,Kenpuu_Denki_Beruseruku,33
e0675b7b-dbbf-4eaf-862b-9fd7060bc4da,創聖のアクエリオン,Aquarion,Genesis_Of_Aquarion,478
0394dd95-4a83-4726-b4f9-64d4b6edf0f7,劇場版 FAIRY TAIL 鳳凰の巫女,Fairy Tail Movie 1: Houou no Miko,Fairy Tail The Movie,12049
230a6d8a-8e8f-48e9-ba4a-f450c15a6292,劇場版 そらのおとしもの 時計じかけの哀女神（エンジェロイド,Heaven's Lost Property the Movie: The Angeloid of Clockwork,Sora no Otoshimono Tokei Jikake no Angeloid,9790
a8ee79a7-0bb1-4733-90af-6f5f812d4745,劇場版 とある魔術の禁書目録 エンデュミオンの奇蹟,A Certain Magical Index the Movie: The Miracle of Endymion,Toaru Majutsu no Index Movie - Endymion no Kiseki,11743
d84c69f6-b011-4a8b-8ad7-2f3fe9749b0b,劇場版 クラナド,Clannad The Motion Picture,Clannad  Movie,1723
e5e35058-7803-47d1-9fb0-4c0d70455760,劇場版 ブラッドシー ザ ラスト ダーク,Blood-C: The Last Dark,Blood-C The Movie - The Last Dark,10681
51d723d9-a2a6-4700-8784-562dfeb9ffee,劇場版 七つの大罪 天空の囚われ人,The Seven Deadly Sins the Movie: Prisoners of the Sky,Nanatsu no Taizai Tenkuu no Torawarebito,35946
b6850722-6b47-4ee1-aa44-ad4b4e9de037,劇場版シティーハンター <新宿PRIVATE EYES>,City Hunter Movie: Shinjuku Private Eyes,City Hunter The Movie 2019 - Shinjuku Private Eyes (BDrip PGS Sup ),37516
3a68090c-9682-4b7f-be83-88f85c0993e5,勇者ライディーン,Yuusha Raideen,Brave_Raideen,2128
6e800413-05b5-4366-b785-a48c02017445,北斗の拳,Fist of the North Star,Hokuto_No_Ken,967
3148f945-63e6-41be-993b-df06d4b5694b,十二国記,The Twelve Kingdoms,The_Twelve_Kingdoms,153
a920317d-d6e3-4d9c-b953-af62b5a333b2,千と千尋の神隠し,Spirited Away,Sen to Chihiro no Kamikakushi,199
f629b8b0-06f9-46a6-96dd-def2410b9db1,千と千尋の神隠し,Spirited Away,Spirited_Away,199
3bc1ab8e-fbe8-48d3-90a8-2e42b3e96e19,双星の陰陽師,Twin Star Exorcists,Sousei_No_Onmyouji,32105
db9f16fe-6339-49f0-bec4-b7d06df57ca5,可愛ければ変態でも好きになってくれますか？,"Hensuki: Are you willing to fall in love with a pervert, as long as she's a cutie?",Kawaikereba Hentai demo Suki ni Natte Kuremasu ka_ - Hensuki,39326
bd1a66e1-3092-4149-84b1-20b98c7f74d3,名探偵コナン,Case Closed,Detective_Conan,235
896f7139-fc0b-42b5-9e61-f3044b479999,名探偵コナン,Case Closed,Detective_Conan_,235
f1409ba4-6638-4d84-a0b6-6c3ff606d142,君のいる町,A Town Where You Live,Kimi_No_Iru_Machi,17741
332de36b-3637-4aeb-88c9-c123d849f72d,君の名は。,Your Name.,Kimi no Na wa,32281
e592de29-5045-4286-a60c-0b2183e4f75e,四月は君の嘘,Your Lie in April,Shigatsu_Wa_Kimi_No_Uso,23273
c3f9ccd6-2631-4511-b784-3b82c240211a,団地ともお,Danchi Tomoo,Danchi_Tomoo,17703
4d88a15d-8c73-4a94-8c0e-b6d9e18f8ac8,地獄先生ぬ～べ～,Hell Teacher Nube,Hell_Teacher_Nube,2745
e20c6fc9-c2a2-4bab-ab8d-fa8c8dfbabce,地獄少女,Hell Girl,Jigoku Shoujo,228
60e6a478-4faf-4532-b24c-69bc751d199b,地縛少年花子くん,Toilet-bound Hanako-kun,Jibaku Shounen Hanako-kun,39534
ac874e80-ec7e-493b-a40a-bc84d0285e9e,坂本ですが？,Haven't You Heard? I'm Sakamoto,Sakamoto_Desu_Ga,32542
835a60a4-c0b3-4497-950c-f18b7e5b5fec,城下町のダンデライオン,Castle Town Dandelion,Joukamachi_No_Dandelion,28387
34f3214c-6819-4752-9f86-2b03790a26b3,境界のRINNE,RIN-NE,Kyoukai_No_Rinne,28423
5a3dccbb-b018-477d-a8ae-47cd0d3b9736,境界の彼方,Beyond the Boundary,Kyoukai no Kanata,18153
59f0c69e-6260-4231-97da-2632e7e8a2fe,境界線上のホライゾン,Horizon in the Middle of Nowhere,Kyoukaisenjou no Horizon,10456
225fe3a0-99c2-4350-b41b-aee71dca7ac2,夏雪ランデブー,Natsuyuki Rendezvous,Natsuyuki_Rendez-vous,13585
084702f7-930b-4b44-b669-fd586dbcc3af,夜は短し歩けよ乙女,"Night Is Short, Walk on Girl",Yoru wa Mijikashi Arukeyo Otome,34537
2882ec63-6068-447d-92e6-e06a90336d06,夜明け告げるルーのうた,Lu Over the Wall,Yoake Tsugeru Lu no Uta _ Lu Over the Wall,34792
ad3cd51b-120a-4377-a56a-1a7f4e8ffb88,天晴爛漫！,APPARE-RANMAN!,Appare-Ranman!,40532
18ddc93c-4459-45f5-888d-2b891c8ad582,天狼〈シリウス〉 Sirius the Jaeger,Sirius the Jaeger,Sirius the Jaeger,37569
de2fef55-7cf7-40e8-9e0c-8de0a5ae4e76,天狼〈シリウス〉 Sirius the Jaeger,Sirius the Jaeger,Tenrou_ Sirius the Jaeger,37569
0136b7ed-18b2-45d7-86c2-2d04a716dc93,天空の城ラピュタ,Castle in the Sky,Laputa_Castle_In_The_Sky,513
0a9cdf35-67ec-4891-9b52-b1eb87ea6450,奴隷区 The Animation,Dorei-ku The Animation,Dorei-ku The Animation,36525
3001a35d-7a3f-40b6-b522-976502636b17,妖怪ウォッチ,Yo-kai Watch,Youkai_Watch,19157
2b79e6e6-bf67-4b7d-96c7-5639f558405b,妖怪ウォッチJam 妖怪学園Y Nとの遭遇,Youkai Watch Jam: Youkai Gakuen Y - N to no Souguu,Youkai Watch Jam_ Youkai Gakuen Y - N to no Souguu,40714
7ae36fb9-fd70-44e1-a0b3-645b2d9157a1,宇宙よりも遠い場所,A Place Further Than The Universe,Sora yori mo Tooi Basho,35839
44b2264a-365c-463d-aa09-363b9fb3b97e,宇宙兄弟,Space Brothers,Uchuu_Kyoudai,12431
586bc396-45c1-4d19-b43f-7ce0861779c6,宇宙戦艦ヤマト,Star Blazers: The Quest for Iscandar,Uchuu_Senkan_Yamato,1650
db84f4d0-bdcc-4039-9c97-a0e3d992014e,宇宙戦艦ヤマト2,Star Blazers: The Comet Empire,Uchuu_Senkan_Yamato_2,1651
c951d985-e633-40fb-86f1-546a085586b2,宇宙戦艦ヤマト2199,Star Blazers: Space Battleship Yamato 2199,Uchuu_Senkan_Yamato_2199,12029
1a294934-9ba7-427d-8ca5-9a0d95064c7f,宇宙戦艦ヤマト2202 愛の戦士たち,Star Blazers: Space Battleship Yamato 2202,Uchuu_Senkan_Yamato_2202_,33064
567586d1-f8f6-4574-b11c-c443340d8d17,宇宙戦艦ヤマトⅢ,Star Blazers: The Bolar Wars,Uchuu_Senkan_Yamato_3,1652
6a08d690-5c06-41b6-9452-430901970a7f,宇宙海賊・キャプテンハーロック,Space Pirate Captain Harlock,Space_Pirate_Captain_Harlock,1000
42c20198-e517-4a9e-8387-537d53c931ae,富豪刑事 Balance:UNLIMITED,The Millionaire Detective – Balance: UNLIMITED,Fugou Keiji_ Balance_Unlimited,41120
38d0aadb-b5e2-4f00-b604-f8edd7be0888,少女☆歌劇 レヴュースタァライト,Revue Starlight,Shoujo Kageki Revue Starlight,35503
a113dd4d-6d00-4d0b-ae7a-c1ef6552ceda,少年メイド,Shonen Maid,Shounen_Maid,32175
1ba30684-0e74-4c88-a1de-deafbfd8bae8,屍者の帝国,The Empire of Corpses,Shisha no Teikoku,28625
aec263ee-5740-439b-bfc5-456fbd91b752,山賊の娘ローニャ,Ronja Rövardotter,Sanzoku_No_Musume_Ronja,22359
38df424e-e9f9-449f-b9a4-aa88e8c9fdd1,崖の上のポニョ,Ponyo,Gake no Ue no Ponyo,2890
69d835e7-470d-4fa5-b94b-ddf7d0cd3c1f,崖の上のポニョ,Ponyo,Ponyo,2890
a1998b52-6dec-4e97-9c64-e9037f53a573,川の光,Kawa no Hikari,Kawa no Hikari,6554
1acd4034-9816-47dc-af21-1213f517e1b8,川柳少女,Senryu Girl,Senryuu Shoujo,38787
5da673a8-93d5-4833-b2ea-2ac4dfc622f7,幸腹グラフィティ,Gourmet Girl Graffiti,Koufuku_Graffiti,24629
664b4048-d7a1-4d62-82cb-0e87d5405112,幼女戦記,Saga of Tanya the Evil,Youjo Senki,32615
354e60ca-3a64-4fda-ae9c-c87e2f24e580,幽☆遊☆白書,Yu Yu Hakusho: Ghost Files,Yu_Yu_Hakusho,392
2b8da04e-a426-41c5-bce7-2582d3806417,弱虫ペダル,Yowamushi Pedal,Chiba Pedal,33522
0fc3b051-8f2f-4366-8087-ad937d8728e3,弱虫ペダル,Yowamushi Pedal,Yowamushi Pedal,18179
3082ad74-2668-42e9-80ec-43758b8ce879,彼女と彼女の猫 -Everything Flows-,Kanojo to Kanojo no Neko: Everything Flows,Kanojo to Kanojo no Neko Everything Flows,32491
190e7a1b-720d-419f-be49-1a95910ad559,彼方のアストラ,Astra Lost in Space,Kanata no Astra,39198
b4d79b4f-b9d7-439b-ad33-0875597808d4,忍者ハットリくん,Ninja Hattori-kun,Ninja Hattori-kun,4936
f34fbd9b-d257-454c-b2a7-aaafc09d0581,思い出のマーニー,When Marnie Was There,Omoide no Marnie,21557
32a4e7af-99ca-4ef2-bbfe-094d2aa18ff8,恋愛ラボ,Love Lab,Love Lab,16353
c7e30915-9671-4a86-9607-9e83a9a54fe8,恋愛ラボ,Love Lab,Love_Lab,16353
8e516dd9-9e5d-45e6-9c62-19872322a912,悪魔くん,Devil Boy,Akuma-kun,8194
d9bb7497-57cf-4b15-b5fc-3e5f1f934508,悪魔のリドル,Riddle Story of Devil,Akuma_No_Ridoru,19429
5badb7c4-9b87-4667-8766-66f633ba0a2d,愛してナイト,Ai Shite Knight,Ai_Shite_Knight,0
ff995148-d0c5-47c6-87db-f275726a0e93,慎重勇者 ～この勇者が俺TUEEEくせに慎重すぎる～,Cautious Hero: The Hero Is Overpowered but Overly Cautious,Shinchou Yuusha_ Kono Yuusha ga Ore Tueee Kuse ni Shinchou Sugiru,38659
aa154be5-1680-4257-834c-e6a746ed3615,憑物語,Tsukimonogatari,Tsukimonogatari,28025
dc123a0d-f8c1-49ac-98ce-20cab9175431,戦国BASARA,Sengoku Basara: Samurai Kings,Sengoku_BASARA,5355
5c223be4-1a5b-45a7-b4a1-8936c4b09e26,戦国BASARA 弐,Sengoku Basara: Samurai Kings 2,Sengoku_BASARA_Two,6634
54d5f649-62da-4c53-a823-3d10a57e207d,探検ドリランド,Tanken Driland,Tanken_Driland,14333
e7b01302-411c-46a5-bd6b-686bd82b6bc2,探検ドリランド-1000年の真宝（まほう）-,Tanken Driland: 1000-nen no Mahou,Tanken_Driland_1000-nen_No_Mahou,17969
20630a99-f78a-4744-b924-a5184c365b08,攻殻機動隊 S.A.C. 2nd GIG,Ghost in the Shell: Stand Alone Complex 2nd GIG,Ghost_In_The_Shell_Stand_Alone_Complex_2nd_GIG,801
7459ed68-6a9a-4b07-86e7-89a3b191176a,攻殻機動隊 STAND ALONE COMPLEX,Ghost in the Shell: Stand Alone Complex,Ghost_In_The_Shell_Stand_Alone_Complex,467
72044aaf-b6a8-48d1-a70f-303127adc158,攻殻機動隊 新劇場版,Ghost in the Shell: The New Movie,Ghost in the Shell New Movie,27411
de94f6db-e2ac-4a37-9b38-47a527c01a6a,斉木楠雄のΨ難 2,The Disastrous Life of Saiki K. 2,Saiki Kusuo no Sainan 2,34612
485f3d7b-2a12-47f0-85af-8c6927fa5b5e,新サクラ大戦 the Animation,Sakura Wars the Animation,Shin Sakura Taisen the Animation,40403
a02343d5-c2c1-429d-a41a-9368d95209bc,新・湘南爆走族 荒くれKNIGHT,Shin Shounan Bakusouzoku Arakure Knight,Shonan Bakusozoku,16510
9bb292d7-60db-4a3e-b3c6-6af312946081,新世界より,From the New World,Shin_Sekai_Yori,13125
4f4f198d-7f61-4c8c-baee-62705f00a60f,新世紀エヴァンゲリオン,Neon Genesis Evangelion,Evangelion,30
a29899f9-3e12-46df-97a1-cf3bacf1747d,新世紀エヴァンゲリオン,Neon Genesis Evangelion,Neon Genesis Evangelion,30
47409c61-e01a-470f-950f-d052fcc9acfc,新機動戦記ガンダムW,Mobile Suit Gundam Wing,Mobile_Suit_Gundam_Wing,90
0e502523-9019-4cb8-8223-77aa30646a9c,新機動戦記ガンダムW エンドレス・ワルツ,Mobile Suit Gundam Wing: Endless Waltz,Mobile Suit Gundam Wing Endless Waltz,91
f1a5e724-a945-47c2-8a00-810d4b4c7e54,映像研には手を出すな!,Keep Your Hands Off Eizouken!,Eizouken ni wa Te wo Dasu na!,39792
ea2ffbcd-dd00-461b-9ace-ae61c0f6f1da,映画 ハイ☆スピード！ -Free! Starting Days-,Free! Starting Days,Free! Starting Days,30415
be907de2-2ec5-42ac-add1-b675440ddb98,映画 若おかみは小学生！,Okko's Inn,Wakaokami wa Shougakusei! movie,37682
64bf952d-8f1e-4331-8d75-4b74f8f2970f,映画Go! プリンセスプリキュア Go! Go!! 豪華3本立て!!!,Go! Princess Precure Movie: Go! Go!! Gouka 3-bondate!!!,Go! Princess Precure Go! Go!! Gouka 3-hontate!!!,29868
95a67de3-c7d8-462c-a973-b3a49efd8b9c,昭和元禄落語心中,Showa Genroku Rakugo Shinju,Shouwa_Genroku_Rakugo_Shinjuu,28735
2be907f8-ad24-4a20-9a20-81521d2456d0,時をかける少女,The Girl Who Leapt Through Time,Toki_Wo_Kakeru_Shoujo,2236
9e07044a-af40-4191-975e-1b3f6ac53691,普通の女子校生が【ろこどる】やってみた。,Locodol,Futsuu_No_Joshikousei_Ga_Locodol_Yattemita,22189
c797b64d-2531-44e0-8091-741376bfe977,暗殺教室,Assassination Classroom,Assassination_Classroom,24833
bf13f513-aa56-44f0-bb77-4f3a2b10b01f,暦物語,Koyomimonogatari,Koyomimonogatari,32268
76127164-33be-429e-9979-c77c2774b0ea,曇天に笑う 外伝,Donten ni Warau Gaiden,Donten ni Warau Gaiden,80469
d13d231e-3363-4621-9c85-55aee5429109,最強銀河 究極[アルティメット]ゼロ~バトルスピリッツ~,Saikyou Ginga Ultimate Zero: Battle Spirits,Saikyou_Ginga_Ultimate_Zero_Battle_Spirits,19825
0fbf6ed9-93a7-4e5c-ab75-3876dd0ad3ce,月刊少女野崎くん,Monthly Girls' Nozaki-kun,Gekkan Shoujo Nozaki-kun,23289
63be2e7a-2ea7-436a-95cd-1a2f705b7f8a,木の葉化石の夏,Summer of Fossil Leaves,Konohakaseki no Natsu,40139
e1821677-24e2-471b-8858-8fb8592c790d,未来のミライ,Mirai,Mirai no Mirai,36936
40157ac0-7f3d-4c9e-af12-7e8635573466,未来少年コナン,Future Boy Conan,Mirai Shounen Conan,302
ed47abf1-b0de-4700-9f28-df3f27c0f089,未来日記,The Future Diary,Future_War_198X_Nen,10620
db7d7815-32e1-4a6f-a5da-f4ca0ac2b04c,本好きの下剋上 ～司書になるためには手段を選んでいられません～,Ascendance of a Bookworm,Honzuki no Gekokujou,39468
caabf088-c7f2-42f7-94ee-7b543f1d0a8d,東のエデン,Eden of The East,Higashi no Eden,5630
ea8b9411-ee9d-4375-85ac-3e9cc2392bbe,東京喰種 トーキョーグール,Tokyo Ghoul,Tokyo Ghoul OVA,0
61f8173a-9703-4475-aa85-7fd5328642dd,東京喰種トーキョーグール：re,Tokyo Ghoul:re,Tokyo Ghoul_re,36511
1627ed89-672e-42b2-a732-93296ba207f9,桜Trick,Sakura Trick,Sakura_Trick,20047
99f3504b-384e-485a-955c-ab1b8df0b045,横山光輝 三国志,Yokoyama Mitsuteru Sangokushi,Yokoyama_Mitsuteru_Sangokushi,970
4c75fcff-ec45-415f-8b8b-b934ab9df7ee,機動戦士Vガンダム,Mobile Suit V Gundam,Mobile Suit Victory Gundam,89
20d4fc05-8b7e-4099-8e8f-9f55d70f2d69,機動戦士Ζガンダム,Mobile Suit Zeta Gundam,Mobile Suit Zeta Gundam,85
aeaccd49-903a-4b8b-bddb-ba44a7def556,機動戦士ガンダム,Mobile Suit Gundam,Mobile_Suit_Gundam,80
2165d49a-d192-40c4-af55-f71355249fa4,機動戦士ガンダム 鉄血のオルフェンズ,Mobile Suit Gundam: Iron-Blooded Orphans,Mobile_Suit_Gundam_Iron-Blooded_Orphans,31251
6a8cd837-2333-4380-b4fc-0c7b865d3a4c,機動戦士ガンダムUC（ユニコーン）RE:0096,Mobile Suit Gundam Unicorn RE:0096,Mobile_Suit_Gundam_Unicorn_RE_0096,32792
5289dc7b-5416-4b67-9569-7e8fcdcca0fb,機動戦士ガンダムZZ,Mobile Suit Gundam ZZ,Mobile_Suit_Gundam_ZZ,86
7e90b432-a6f1-4752-97ed-7e86056715c3,機動新世紀ガンダムX,After War Gundam X,Kidou Shin Seiki Gundam X,92
eb9606ff-b109-4736-9dd6-b9db0aff7744,機動武闘伝Gガンダム,Mobile Fighter G Gundam,Mobile Fighter G Gundam,96
094c24de-cc28-4705-bcd1-ca7d8ad92c61,機動警察パトレイバー,Patlabor: The Mobile Police,Mobile_Police_Patlabor,1288
0327ca6d-588f-429f-ac6d-eb6f2bd85af3,歌舞伎町シャーロック,Case File nº221: Kabukicho,Kabukichou Sherlock,38161
f0a85d66-f761-4e9a-8c2c-30fbb64c0fba,武装神姫,Busou Shinki: Armored War Goddess,Busou_Shinki,14237
3f7c6a2e-795b-4b85-acde-aa5c012a2f5e,残響のテロル,Terror in Resonance,Zankyou_No_Teroru,23283
d82abdea-3f17-46ca-bafa-7ba0673a106e,波よ聞いてくれ,"Wave, Listen to Me!",Nami yo Kiitekure,40513
2eaf0120-f96b-49ca-80f1-e36f6ce2c984,海がきこえる,The Ocean Waves,Umi ga Kikoeru,743
25a03803-05ac-416c-8db8-8154f8a290ba,深夜！天才バカボン,Late Night! Genius Bakabon,Shinya! Tensai Bakabon,37662
a060fb5e-02d3-4695-be4a-b9dde9de098a,火ノ丸相撲,Hinomaru Sumo,Hinomaruzumou - Hinomaru Sumo,37007
8783defb-b5fc-4ef9-88ed-f31b95509344,火垂るの墓,Grave of the Fireflies,Hotaru_No_Haka,578
c35b5b42-f267-4bbb-a7d1-a1e4c356edad,炎炎ノ消防隊,Fire Force,Enen no Shouboutai,38671
a1316666-c889-4e51-800d-116272b5d5b4,爆TECH！爆丸,Baku Tech! Bakugan,BakuTech!_Bakugan,13143
2054938f-7803-4381-8ae6-bb8042ca9da7,牙狼〈GARO〉-炎の刻印-,GARO: THE ANIMATION,Garo,23311
d6494205-a529-423c-988c-e6d4fe8dbc6f,猫の恩返し,The Cat Returns,Neko_No_Ongaeshi,597
27de8fc9-db62-4573-992d-8bd4aeee7666,猫物語（黒）,Nekomonogatari Black,Nekomonogatari (Black),15689
28df2b30-c667-4b94-ac23-fdfaf13b2933,獣旋バトル モンスーノ,Monsuno: World Master,Juusen_Battle_Monsuno,13185
0937b35d-8677-43a1-b78c-5777ff9cd3d5,王立宇宙軍 オネアミスの翼,Royal Space Force: The Wings of Honneamise,Ouritsu Uchuugun_ Honneamise no Tsubasa,1034
a8e9b220-f9a4-4439-a8f6-dcc1223832ef,甘城ブリリアントパーク,Amagi Brilliant Park,Amagi_Brilliant_Park,22147
41543c81-61a1-4940-862b-9f70cb49e002,甲虫王者ムシキング ～森の民の伝説～,Mushiking: The Guardians of the Forest,Kouchuu Ouja Mushiking,4050
847494a7-0f4a-4b5b-939b-3548a5544cd6,甲鉄城のカバネリ,Kabaneri of the Iron Fortress,Koutetsujou_No_Kabaneri,28623
a9bcb6c1-013d-4809-ae8e-df47bd22ca15,異世界かるてっと,Isekai Quartet,Isekai Quartet,38472
eadc70c2-454d-41ab-87bb-99810e0faf61,異世界チート魔術師〈マジシャン〉,Isekai Cheat Magician,Isekai Cheat Magician,37744
97b09bf4-7bc5-43f4-a4ef-c0cd9d19ef55,異世界魔王と召喚少女の奴隷魔術,How Not to Summon a Demon Lord,Isekai Maou to Shoukan Shoujo no Dorei Majutsu,37210
fab056f6-4096-4b51-9f87-90f63f23db69,痛いのは嫌なので防御力に極振りしたいと思います。,"BOFURI: I Don't Want to Get Hurt, so I'll Max Out My Defense.",Itai no wa Iya nano de Bougyoryoku ni Kyokufuri Shitai to Omoimasu,38790
f11a216e-1a8c-4c89-887a-6ae60f01404c,盾の勇者の成り上がり,The Rising of the Shield Hero,Tate no Yuusha no Nariagari,35790
8e4ce8ad-7fc0-4864-b764-a3533ae4d319,真・中華一番!,New Cooking Master Boy,Shin Chuuka Ichiban!,39194
4d600c9e-31eb-42e7-93f9-5790373bf0b2,神様はじめました,Kamisama Kiss,Kami-sama Hajimemashita,14713
d251ab4d-4de5-4a93-9648-206786c8d824,私がモテてどうすんだ,"Kiss Him, Not Me!",Watashi_Ga_Motete_Dou_Sunda,32899
6752544c-e10d-4cf2-bd85-d1717a990584,私に天使が舞い降りた！,Wataten! An Angel Flew Down to Me,WATATEN! An Angel Flew Down to Me,37993
9bbb8f52-b4bc-4a9d-9b42-35f8c548b855,空挺ドラゴンズ,Drifting Dragons,Kuutei Dragons,39531
45b75572-0fe7-437b-9ae7-de701ce172e7,笑ゥせぇるすまん,Laughing Salesman,The Laughing Salesman,3077
4d4aea77-f378-494c-a54c-a74fe79dd0d1,第502統合戦闘航空団 ブレイブウィッチーズ,Brave Witches,Brave Witches,32866
edfbdfc7-1eb4-45cc-b55f-010adfd03713,約束のネバーランド,The Promised Neverland,Yakusoku no Neverland,37779
83c4a8cc-2504-4f12-a209-1a907b6a3854,約束の七夜祭り,Starlight Promises,Yakusoku no Nanaya Matsuri,37970
bcf69d4e-f31b-45e8-a9f2-f74d7cbdf70e,紅の豚,Porco Rosso,Porco_Rosso,416
2da3c6e7-7754-4130-b011-2aa5712528a6,終わりのセラフ,Seraph of the End: Vampire Reign,Owari_No_Seraph,26243
63180001-6399-4ce9-a367-54b33623291a,絶園のテンペスト,Blast of Tempest,Zetsuen_No_Tempest,14075
878e2525-4eaf-4a26-8015-0719cdfe6542,絶対防衛レヴィアタン,Leviathan: The Last Defense,Zettai_Bouei_Leviathan,17681
057441dc-6c7f-43ae-b2ec-a8d7de547149,美味しんぼ,Oishinbo,Oishinbo,1093
741bb647-5ebd-42d7-9980-8b36250d5716,美少女戦士セーラームーン,Sailor Moon,Sailor_Moon,530
149483db-7993-482e-842a-2b2d3ec30dd3,群青のマグメル,Gunjou no Magmell,Gunjou no Magmel,37806
5818fac1-af80-479b-b422-66db18c3b906,耳をすませば,Whisper of the Heart,Mimi_Wo_Sumaseba,585
0607d704-d8bd-46ee-9af7-fd0ac98c0665,耳をすませば,Whisper of the Heart,Whisper of the Heart,585
8fc8ed04-933b-4481-be2c-6808bb42cd56,聖☆おにいさん,Saint☆Young Men,Saint Oniisan (Saint Young Men),15775
b4536278-cc44-433a-9397-792face27ffd,聖闘士星矢(セイントセイヤ),Saint Seiya: Knights of the Zodiac,Saint Seiya Knights of the Zodiac,1254
81e13824-b176-4b1c-974b-abb0565e7ff5,聖闘士星矢(セイントセイヤ),Saint Seiya: Knights of the Zodiac,Saint_Seiya,1254
5b02367b-577a-402d-90dc-6e1c9b0e7fb3,聲の形,A Silent Voice,Koe no Katachi,28851
8e09f571-9e3f-486a-9fe3-67a74467b791,花とアリス 殺人事件,The Case of Hana & Alice,Hana to Alice Satsujin Jiken,27969
3015b37c-dc5f-4b0a-b781-b96512a9ca45,若草の四姉妹,Little Women,Little Women (Ai no Wakakusa Monogatari),4132
b7c651cc-5cb0-4fd2-85b6-866a6691a53b,英国一家、日本を食べる,Sushi and Beyond,"Eikoku Ikka, Nihon o Taberu",29722
5797db11-4d2b-45f2-9d1e-5fe7fe59250e,荒ぶる季節の乙女どもよ。,O Maidens in Your Savage Season,Araburu Kisetsu no Otome-domo yo,38753
d16c3969-9cd7-48fb-80cb-9ba4b9093d57,荒川アンダー ザ ブリッジ,Arakawa Under the Bridge,Arakawa Under the Bridge,7647
99deea05-8fc6-4237-8a90-d243d30fa8b7,荒川アンダー ザ ブリッジ,Arakawa Under the Bridge,Arakawa Under the Bridge 2,7647
ae62fec6-7f4e-4765-b170-4b7f15dc1eee,荒野のコトブキ飛行隊,The Magnificent Kotobuki,Kouya no Kotobuki Hikoutai,38301
7dceec90-b76a-4f07-86ca-71ff0aa6a067,蒼き鋼のアルペジオ ‐アルス・ノヴァ‐,Arpeggio of Blue Steel -Ars Nova-,Aoki Hagane no Arpeggio,18893
7ea1621e-0022-4bc5-afed-091ff9f9da5a,蒼天航路,Beyond the Heavens,Souten_Kouro,5226
e1731e0c-2f63-4467-af59-7d180d37ded0,蒼穹のファフナー Dead Aggressor EXODUS,Soukyuu no Fafner: Dead Aggressor - Exodus,Soukyuu_No_Fafner_Exodus,17080
7762e734-669e-43ed-af1d-3b29eb847f48,蒼穹のファフナーDead Aggressor,Fafner of the Blue Sky,Soukyuu no Fafner,75
cf5b0120-bce4-4f3b-99bb-67077153f567,薄明の翼,Pokemon: Twilight Wings,Hakumei no Tsubasa,40861
8d0d3e3a-3026-4412-9bb5-c6fd99dec4cf,虐殺器官,Genocidal Organ,Gyakusatsu Kikan GENOCIDAL ORGAN,23279
28cd9527-d50e-4cdb-ad3c-32de48ea6014,蛍火の杜へ,Hotarubi no Mori e,Hotarubi no Mori e,10408
c628036d-cb6f-42a2-b1aa-ec9ccc1e40e2,蟲師,Mushi-Shi,Mushishi,457
b68e7eff-b9f4-45ff-bf1c-68703aa5a190,蟲師 続章,MUSHI-SHI -Next Passage-,Mushishi_The_Next_Chapter,21939
d9410d05-8387-4d54-a02d-668b1ca29d50,血界戦線,Blood Blockade Battlefront,Kekkai Sensen,24439
52878f1c-6dac-4709-b290-82f933404209,詩季織々（しきおりおり）,Flavors of Youth,Shikioriori,37396
898e33c2-0c79-4e74-bc76-a6d2ebd14016,賢者の孫,Wise Man's Grandchild,Kenja no Mago,36407
c7767abd-34f5-4a12-a340-a1a38e2c2338,超速変形ジャイロゼッター,Chousoku Henkei Gyrozetter,Chou_Soku_Henkei_Gyrozetter,14989
6cb7608f-8018-4a62-a25d-f7877478cc87,転生したらスライムだった件,That Time I Got Reincarnated as a Slime,Tensei_Shitara_Slime_Datta_Ken,37430
5946f7df-699a-4a61-a8ac-001991d2e128,逆境無頼カイジ Ultimate Survivor,Kaiji: Ultimate Survivor,Gyakkyou_Burai_Kaiji,3002
74623db1-cf9e-4460-8442-6496d2e335d3,逆境無頼カイジ 破戒録篇,Kaiji: Against All Rules,Gyakkyou_Burai_Kaiji_Hakairoku-hen,10271
bb0ac19f-3902-4bcc-89f6-f5f4b9c80095,逆転裁判 ～その「真実」、異議あり！～,Ace Attorney,Gyakuten_Saiban,31630
40fc9da7-caf8-46fa-8cab-f0d2da7e5f47,逆転裁判 ～その「真実」、異議あり！～ Season 2,Ace Attorney Season 2,Gyakuten_Saiban_S02,37490
f1dbf243-bea3-43ce-b548-0a44fec65626,通常攻撃が全体攻撃で二回攻撃のお母さんは好きですか？,Do You Love Your Mom and Her Two-Hit Multi-Target Attacks?,Tsuujou Kougeki ga Zentai Kougeki de Ni-kai Kougeki no Okaasan wa Suki Desu ka_,38573
dfef5c05-ccc4-4c1c-81bf-d4effaee0107,進撃の巨人,Attack on Titan,Shingeki no Kyojin,16498
75e03a86-4700-4dab-9768-80d5b6734e4f,進撃の巨人ＯＡＤ,Shingeki no Kyojin OVA,Shingeki no Kyojin OVA,18397
04180476-fc1a-4aec-b570-aef7e07a5f22,遊☆戯☆王5D's（ファイブディーズ）,Yu-Gi-Oh! 5D's,Yu-Gi-Oh!_5D's,3972
aa0faa5b-6520-4115-9828-8a3e7ac04d86,遊☆戯☆王ZEXAL,Yu-Gi-Oh! Zexal,Yu-Gi-Oh!_ZEXAL,10015
5df25a77-5677-4cb4-beeb-ffed4aa01aa6,遊☆戯☆王　アーク・ファイブ ARC-V,Yu-Gi-Oh! Arc-V,Yu-Gi-Oh!_ARC-V,21639
e10d87be-e3d2-45f9-b055-7ce1aace910e,遊☆戯☆王　デュエルモンスターズ,Yu-Gi-Oh!,Yu-Gi-Oh! Duel Monsters,481
849298a0-d581-47ca-8889-365165689408,遊戯王VRAINS,Yu-Gi-Oh! VRAINS,Yu-Gi-Oh!_VRAINS,34866
ff65446b-c3b8-422f-8bc5-151f7680ccc1,重神機パンドーラ,Last Hope,Juushinki Pandora - Last Hope,33531
90983c30-8b1f-482d-9a9d-9facf05924e2,金田一少年の事件簿,The Kindaichi Case Files,Kindaichi_Case_Files,2076
a8bc381b-481a-40ed-9f44-3495fa355bfd,金田一少年の事件簿R【リターンズ】,The File of Young Kindaichi Returns,Kindaichi_Case_Files_R,22817
ea0dc857-e63a-43c5-90f0-f044a5511a63,銀の匙,Silver Spoon,Gin_No_Saji,16918
6eb30e8a-5e99-45a8-aa61-e12d2426cf63,銀河へキックオフ!!,Ginga e Kickoff!!,Ginga_E_Kick-Off,12875
938fd9f4-8018-4ac1-8c06-106f29b29aa1,銀河英雄伝説,Legend of the Galactic Heroes,Legend_Of_The_Galactic_Heroes,820
daea712e-acbb-41a8-8efc-8b45ff645f42,銀河英雄伝説 Die Neue These,Legend of the Galactic Heroes: Die Neue These,Legend Of The Galactic Heroes_ Die Neue These,0
d7894847-5797-406d-aec5-8fa2af2c5616,銀河鉄道９９９,Ginga Tetsudou 999,Ginga Tetsudou 999,1491
9f08da03-fac9-48b1-8dfb-095d37fe91b8,銀魂,Gintama,Gintama,918
954b9dfa-55c0-46ac-bd8b-8df0c040a41b,銀魂' 延長戦,Gintama: Enchousen,Gintama'_ Enchousen,15417
27eae232-1718-4aed-bb31-735bab2b1a74,銃皇無尽のファフニール,Unlimited Fafnir,Juuou_Mujin_No_Fafnir,24873
ed1e7515-2adc-4d1d-aa55-c83ed05aa147,鋼の錬金術師,Fullmetal Alchemist,Fullmetal Alchemist,121
43bd6018-30b7-4bf7-9529-9aaab98efe58,鋼鉄ジーグ,Koutetsu Jeeg,Koutetsu_Jeeg,4198
fcae3054-8503-4e1e-a8a0-38090fc7519c,闘牌伝説アカギ　闇に舞い降りた天才,Touhai Densetsu Akagi: Yami ni Maiorita Tensai,Touhai_Densetsu_Akagi_-_Yami_Ni_Maiorita_Tensai,658
39e182aa-5c34-4b79-a35d-ca218abba9fb,陽あたり良好！,Sunny Ryoko,Hiatari_Ryoukou,729
663d59ab-2baf-42ed-999a-6dae91808ae8,電波教師,Ultimate Otaku Teacher,Denpa_Kyoushi,29589
4a4db186-aa5d-454a-a129-cb90b0cb76b5,青春×機関銃,Aoharu x Machinegun,Aoharu_x_Kikanjuu,30205
347e2269-d3b9-4da4-8a91-eb6c6cc4f07c,風の谷のナウシカ,Nausicaä of the Valley of the Wind,Nausicaa_Of_The_Valley_Of_The_Wind,572
d27ab3d7-9407-448e-a265-796dc9b24ee2,食戟のソーマ,Food Wars! Shokugeki no Soma,Shokugeki_No_Souma,28171
68f86856-cd75-4a57-8a8f-c09b3ce56e17,鬼滅の刃,Demon Slayer: Kimetsu no Yaiba,Kimetsu no Yaiba,38000
35d25faf-4d02-472b-ad45-a873a94e77f4,鬼灯の冷徹,Hozuki's Coolheadedness,Hoozuki_No_Reitetsu,20431
76885091-ab55-4aa8-919d-419cdec7b60c,魔入りました！入間くん,Welcome to Demon School! Iruma-kun,Mairimashita! Iruma-kun,39196
4341b85f-52fc-475d-9183-ed814537f4ed,魔法つかいプリキュア！,Maho Girls Precure!,Mahou_Tsukai_PreCure,31884
fb7f5cec-3623-4fdc-824b-f5fd5a5c402f,魔法使いの嫁,The Ancient Magus' Bride,Mahoutsukai no Yome,35062
f7dbf320-fe8a-4dd8-bd60-d8be8d33ee58,魔法少女 俺,Magical Girl Ore,Mahou Shoujo Ore,36902
d2f016bc-d4b6-4739-9ebc-718f555f5348,魔法戦争,Magical Warfare,Mahou_Sensou,19769
ab1eb452-7136-4d79-9604-7d0bd0beea56,魔術士オーフェンはぐれ旅,Sorcerous Stabber Orphen,Majutsushi Orphen Hagure Tabi,37576
9d29bd33-517b-488b-8818-790f4d7d4de2,黒子のバスケ,Kuroko's Basketball,Kuroko no Basket,11771
3f670820-d391-4973-a208-8c0f81b3166a,龍ヶ嬢七々々の埋蔵金,Nanana's Buried Treasur,Ryuugajou_Nanana_No_Maizoukin,21561
